Id_Registro,Id_Estudiante,Id_asignatura,Nota1,Nota2,Nota3,Nota4,PromedioNotas,% de Asistencia,% de Uso de plataforma
1,1,1,2.5,5.2,3.0,2.3,3.2,92.3,52.3
2,1,2,3.4,3.6,6.3,5.5,4.7,93.0,68.4
3,1,3,2.7,6.7,5.6,1.8,4.2,92.5,98.7
4,1,4,6.5,3.1,1.0,3.5,3.5,90.5,93.9
5,1,5,1.3,3.4,1.0,4.3,2.5,88.2,62.0
6,1,6,2.1,1.1,1.6,3.9,2.2,77.3,83.5
7,1,7,5.5,4.3,2.0,2.3,3.5,88.0,93.4
8,1,8,3.2,5.7,5.7,7.0,5.4,68.2,62.7
9,1,9,5.1,5.0,2.7,6.8,4.9,65.9,86.9
10,1,10,2.7,3.9,5.9,5.4,4.5,66.2,56.8
11,1,11,6.2,6.9,1.6,4.8,4.9,96.9,54.7
12,1,12,2.4,5.3,5.7,4.7,4.5,97.0,79.8
13,1,13,1.4,1.9,6.4,3.8,3.4,71.6,59.6
14,1,14,3.0,1.3,2.3,1.8,2.1,77.1,99.2
15,1,15,4.1,3.6,5.5,2.1,3.8,88.0,81.8
16,1,16,1.3,3.5,2.0,2.7,2.4,64.6,87.8
17,1,17,2.9,3.2,6.5,4.7,4.3,98.6,98.4
18,1,18,5.1,1.7,6.3,3.6,4.2,66.8,98.3
19,1,19,2.1,2.8,1.7,4.3,2.7,93.7,66.4
20,1,20,4.9,3.7,2.4,1.8,3.2,86.2,98.0
21,1,21,3.9,1.8,4.2,4.2,3.5,86.8,80.9
22,1,22,3.3,3.8,2.5,6.3,4.0,96.5,53.8
23,1,23,1.6,3.0,2.4,3.0,2.5,62.3,57.4
24,2,1,3.2,6.1,2.5,2.7,3.6,81.2,79.7
25,2,2,3.5,4.8,2.0,2.7,3.2,64.1,69.0
26,2,3,2.6,4.7,2.2,6.9,4.1,94.7,87.9
27,2,4,6.4,6.2,5.0,6.1,5.9,94.1,57.3
28,2,5,6.0,6.8,5.3,6.0,6.0,94.5,85.2
29,2,6,2.5,2.5,1.9,2.3,2.3,72.5,87.5
30,2,7,3.2,3.6,4.5,3.0,3.6,66.0,58.9
31,2,8,3.0,1.2,5.5,1.5,2.8,73.3,97.7
32,2,9,6.0,2.3,5.0,2.3,3.9,72.2,57.3
33,2,10,4.9,6.3,6.9,5.2,5.8,91.1,62.2
34,2,11,5.4,3.6,2.1,1.5,3.2,75.0,97.5
35,2,12,4.2,5.2,3.4,5.4,4.5,93.4,65.3
36,2,13,2.0,2.5,6.7,5.1,4.1,97.5,71.5
37,2,14,5.0,6.6,4.6,5.4,5.4,75.2,94.3
38,2,15,2.9,5.0,6.4,5.0,4.8,74.4,72.8
39,2,16,5.4,2.7,2.5,5.5,4.0,62.0,99.4
40,2,17,2.9,5.0,6.8,4.0,4.7,76.4,80.0
41,2,18,4.3,6.0,1.2,3.1,3.6,75.3,77.8
42,2,19,3.8,5.2,6.5,4.8,5.1,96.7,85.5
43,2,20,2.1,6.9,1.0,1.9,3.0,65.9,98.2
44,2,21,5.5,4.1,3.5,3.0,4.0,87.0,80.2
45,2,22,6.3,6.5,2.9,4.2,5.0,78.8,64.9
46,2,23,2.4,4.5,4.1,5.3,4.1,69.9,97.8
47,3,1,6.8,6.4,1.0,5.5,4.9,67.9,94.5
48,3,2,2.5,3.3,3.1,2.4,2.8,62.0,92.9
49,3,3,3.6,2.3,1.0,1.4,2.1,88.9,99.2
50,3,4,1.1,2.3,2.4,1.8,1.9,93.2,68.8
51,3,5,1.2,3.5,1.6,3.6,2.5,85.2,59.7
52,3,6,3.8,4.3,4.2,5.9,4.5,99.8,76.8
53,3,7,1.1,3.3,2.2,5.1,2.9,75.1,68.6
54,3,8,3.2,1.1,3.6,3.6,2.9,83.6,76.1
55,3,9,2.7,3.0,2.3,5.8,3.5,81.4,60.3
56,3,10,5.3,1.3,5.2,1.7,3.4,96.9,58.1
57,3,11,2.6,4.2,6.7,1.8,3.8,69.5,68.2
58,3,12,1.4,3.9,5.7,3.6,3.6,80.1,55.0
59,3,13,1.7,4.4,5.6,3.8,3.9,72.7,98.7
60,3,14,4.1,4.4,2.2,5.1,4.0,68.2,53.9
61,3,15,5.1,5.8,3.0,1.9,3.9,70.0,87.6
62,3,16,6.0,6.3,3.4,4.2,5.0,97.7,80.3
63,3,17,6.7,3.4,6.3,1.0,4.3,61.5,79.3
64,3,18,6.5,4.7,4.5,2.6,4.6,65.3,99.7
65,3,19,4.1,4.9,6.9,3.4,4.8,95.9,82.1
66,3,20,3.1,6.4,1.2,3.5,3.6,72.6,54.2
67,3,21,3.5,4.9,6.5,5.7,5.2,65.1,93.2
68,3,22,1.7,6.9,3.4,2.5,3.6,82.3,54.7
69,3,23,3.2,3.1,6.8,5.0,4.5,71.2,80.7
70,4,1,4.1,6.8,6.1,3.5,5.1,84.1,51.2
71,4,2,1.0,4.1,6.8,6.5,4.6,91.7,52.3
72,4,3,1.8,4.1,1.8,1.7,2.4,69.3,99.7
73,4,4,5.8,5.3,3.2,4.9,4.8,88.7,85.2
74,4,5,3.9,1.1,5.8,1.8,3.1,92.3,59.8
75,4,6,5.9,2.2,6.9,4.9,5.0,84.5,72.6
76,4,7,2.7,4.2,4.2,6.2,4.3,94.0,73.7
77,4,8,4.9,1.4,1.7,5.0,3.2,75.9,94.1
78,4,9,5.2,4.5,5.5,3.5,4.7,81.0,52.5
79,4,10,6.7,3.9,1.7,4.1,4.1,73.6,74.5
80,4,11,1.2,2.4,5.3,6.3,3.8,93.2,88.4
81,4,12,2.3,2.8,6.5,3.6,3.8,67.3,93.6
82,4,13,5.9,6.8,1.8,6.1,5.2,92.0,57.5
83,4,14,6.5,2.5,3.9,2.6,3.9,64.1,63.3
84,4,15,2.9,5.3,4.3,5.7,4.5,68.3,59.6
85,4,16,2.1,5.7,5.8,2.5,4.0,92.2,88.6
86,4,17,3.7,3.3,4.4,6.8,4.5,66.9,68.8
87,4,18,4.1,6.4,4.3,4.3,4.8,74.6,66.4
88,4,19,4.8,1.9,3.5,2.8,3.2,67.9,83.6
89,4,20,2.7,1.1,4.0,5.3,3.3,99.0,72.7
90,4,21,5.1,1.3,2.4,3.9,3.2,65.6,85.9
91,4,22,4.0,4.8,4.7,3.7,4.3,83.6,96.8
92,4,23,4.5,3.9,3.4,6.4,4.5,63.5,96.1
93,5,1,6.9,3.5,1.2,2.7,3.6,89.0,52.8
94,5,2,2.0,6.8,5.2,4.8,4.7,93.8,59.7
95,5,3,6.6,2.6,5.8,4.0,4.8,89.1,90.5
96,5,4,3.5,5.9,6.0,2.0,4.3,93.3,85.9
97,5,5,3.2,6.3,2.7,6.2,4.6,79.6,86.5
98,5,6,6.2,4.0,5.4,3.8,4.8,69.2,69.4
99,5,7,6.2,5.1,3.8,1.8,4.2,86.3,61.8
100,5,8,2.1,3.6,4.6,6.4,4.2,98.8,83.4
101,5,9,3.1,5.1,3.3,5.2,4.2,87.1,86.4
102,5,10,4.4,3.0,5.2,3.7,4.1,86.3,78.7
103,5,11,4.0,2.0,6.8,6.5,4.8,60.3,82.5
104,5,12,2.3,5.4,3.4,2.1,3.3,61.8,52.0
105,5,13,4.5,3.8,6.3,1.8,4.1,85.7,78.3
106,5,14,2.3,5.4,1.4,2.3,2.9,73.0,96.5
107,5,15,6.6,6.2,1.9,4.5,4.8,93.5,54.2
108,5,16,4.2,2.4,2.7,5.3,3.6,73.2,68.3
109,5,17,4.2,6.0,6.4,1.8,4.6,96.7,59.6
110,5,18,6.2,1.4,2.5,6.1,4.0,86.7,59.7
111,5,19,4.6,6.6,5.3,5.7,5.5,77.8,52.8
112,5,20,1.6,6.6,2.2,6.9,4.3,62.1,88.4
113,5,21,3.4,1.2,1.2,6.7,3.1,94.0,56.2
114,5,22,1.4,2.4,2.6,4.3,2.7,97.9,50.1
115,5,23,3.2,2.6,6.3,3.0,3.8,74.5,68.7
116,6,1,2.2,4.0,6.7,5.6,4.6,88.5,61.3
117,6,2,2.5,5.3,1.9,5.9,3.9,67.0,76.1
118,6,3,4.1,3.0,2.5,6.2,4.0,90.6,58.3
119,6,4,2.2,2.7,5.3,2.5,3.2,99.0,93.1
120,6,5,6.6,1.9,1.1,2.3,3.0,87.2,94.4
121,6,6,3.6,3.1,1.1,2.1,2.5,67.0,90.9
122,6,7,4.0,5.9,6.0,5.1,5.2,85.8,86.3
123,6,8,6.9,4.1,6.1,6.9,6.0,60.2,98.5
124,6,9,2.8,2.9,2.0,3.3,2.8,98.6,63.4
125,6,10,5.0,4.7,1.4,5.9,4.2,85.2,56.1
126,6,11,4.6,1.6,4.1,2.2,3.1,64.5,86.8
127,6,12,2.3,3.0,3.6,5.0,3.5,92.2,82.0
128,6,13,4.8,2.2,5.6,6.5,4.8,81.6,89.2
129,6,14,3.0,5.5,1.6,3.3,3.4,66.0,97.2
130,6,15,2.7,1.4,5.6,6.2,4.0,93.9,78.5
131,6,16,5.5,2.6,6.1,1.1,3.8,63.6,65.7
132,6,17,6.0,2.3,3.8,3.4,3.9,79.1,85.2
133,6,18,4.2,4.3,6.0,2.8,4.3,73.5,74.8
134,6,19,6.9,6.3,2.2,5.4,5.2,72.5,83.1
135,6,20,3.0,3.1,2.0,4.7,3.2,96.3,52.3
136,6,21,3.2,2.3,6.7,4.7,4.2,87.9,55.3
137,6,22,2.1,4.7,1.2,2.8,2.7,62.4,65.8
138,6,23,4.9,1.7,6.7,1.1,3.6,98.6,81.5
139,7,1,3.0,2.3,6.8,4.6,4.2,82.1,83.5
140,7,2,1.7,3.5,2.8,6.4,3.6,86.0,62.8
141,7,3,1.3,2.9,6.5,3.8,3.6,87.2,56.9
142,7,4,2.4,2.8,4.1,4.7,3.5,68.1,61.0
143,7,5,1.2,6.7,5.0,4.1,4.2,84.1,55.2
144,7,6,2.2,7.0,1.8,3.2,3.6,99.0,78.2
145,7,7,2.9,1.8,4.4,4.5,3.4,75.0,83.0
146,7,8,1.5,3.6,2.8,2.1,2.5,71.9,87.0
147,7,9,2.6,6.0,4.9,4.8,4.6,75.1,72.7
148,7,10,3.0,4.9,3.0,4.4,3.8,93.2,86.0
149,7,11,2.6,3.4,5.8,3.9,3.9,74.3,55.7
150,7,12,1.0,1.9,2.1,3.6,2.1,76.2,88.6
151,7,13,4.5,2.7,1.0,6.7,3.7,83.6,70.3
152,7,14,2.1,6.1,4.7,5.1,4.5,92.0,88.9
153,7,15,5.8,2.6,4.4,3.3,4.0,74.6,54.1
154,7,16,4.4,6.6,2.0,1.6,3.6,82.3,50.6
155,7,17,2.5,1.9,5.9,5.7,4.0,77.3,75.1
156,7,18,3.6,4.7,6.8,7.0,5.5,95.0,58.8
157,7,19,5.7,1.9,5.2,1.3,3.5,69.8,55.0
158,7,20,3.1,5.7,6.9,4.2,5.0,88.8,99.3
159,7,21,6.7,2.7,5.0,5.0,4.8,63.4,94.2
160,7,22,5.5,5.0,1.9,4.2,4.2,68.6,87.5
161,7,23,1.5,1.5,6.0,5.6,3.6,65.8,62.1
162,8,1,3.2,6.4,5.4,1.7,4.2,69.5,93.3
163,8,2,4.0,6.9,5.4,6.9,5.8,69.6,61.2
164,8,3,5.2,2.3,3.8,2.7,3.5,93.3,85.3
165,8,4,2.4,5.4,6.2,5.9,5.0,88.9,91.9
166,8,5,5.7,6.5,5.2,2.7,5.0,62.9,68.3
167,8,6,5.2,4.1,1.2,3.7,3.5,86.3,70.4
168,8,7,6.6,4.2,2.2,5.0,4.5,66.4,73.6
169,8,8,2.8,1.0,5.8,2.9,3.1,91.7,85.9
170,8,9,5.4,3.9,6.1,3.6,4.8,66.4,95.6
171,8,10,4.8,2.1,6.6,1.1,3.6,85.9,52.8
172,8,11,4.6,5.8,2.0,4.9,4.3,65.9,77.3
173,8,12,5.1,3.3,5.9,5.4,4.9,73.0,73.3
174,8,13,1.3,2.4,1.0,6.8,2.9,77.0,76.9
175,8,14,6.9,4.0,4.9,4.2,5.0,88.0,94.2
176,8,15,6.0,5.3,4.6,5.4,5.3,66.9,83.5
177,8,16,2.3,2.2,2.5,2.9,2.5,92.8,62.0
178,8,17,4.3,3.1,6.5,4.0,4.5,75.6,67.9
179,8,18,2.6,4.5,5.6,5.8,4.6,99.1,92.8
180,8,19,4.1,1.6,5.1,2.6,3.3,86.2,63.9
181,8,20,3.6,5.4,5.0,2.9,4.2,97.5,72.6
182,8,21,1.4,2.9,5.2,4.1,3.4,66.6,88.8
183,8,22,6.9,6.7,4.1,4.9,5.7,82.7,70.2
184,8,23,1.0,3.0,4.2,2.2,2.6,61.7,84.3
185,9,1,1.1,4.4,2.3,6.3,3.5,65.9,89.5
186,9,2,6.4,4.0,6.1,1.9,4.6,98.1,55.7
187,9,3,2.1,4.7,3.3,2.9,3.2,61.3,59.0
188,9,4,1.9,6.5,1.8,5.0,3.8,68.6,95.0
189,9,5,5.3,1.4,4.9,3.4,3.8,76.4,52.2
190,9,6,2.5,2.1,1.9,6.9,3.4,62.2,94.5
191,9,7,4.6,6.8,5.8,1.5,4.7,85.5,84.6
192,9,8,4.9,1.4,1.2,3.4,2.7,87.0,76.3
193,9,9,4.4,2.0,3.0,5.8,3.8,76.1,55.3
194,9,10,5.6,6.9,6.4,5.8,6.2,85.8,80.7
195,9,11,4.0,4.5,4.9,3.1,4.1,73.6,54.7
196,9,12,1.1,6.6,6.5,5.3,4.9,97.4,88.7
197,9,13,5.3,6.1,2.2,1.2,3.7,62.1,65.1
198,9,14,5.4,4.4,2.5,1.4,3.4,92.7,74.6
199,9,15,2.5,4.3,3.9,2.0,3.2,62.5,86.1
200,9,16,5.2,4.7,5.7,3.6,4.8,90.8,97.0
201,9,17,1.5,2.3,3.3,6.1,3.3,72.4,91.4
202,9,18,6.4,3.6,4.5,6.6,5.3,73.7,83.4
203,9,19,1.9,3.7,2.1,6.8,3.6,78.1,89.8
204,9,20,2.7,4.9,4.3,6.2,4.5,93.0,93.7
205,9,21,1.4,2.2,1.7,1.2,1.6,85.8,95.7
206,9,22,6.6,6.0,1.5,2.9,4.2,74.7,67.3
207,9,23,2.4,3.7,6.4,1.6,3.5,70.1,54.7
208,10,1,2.4,3.5,2.4,2.8,2.8,65.8,77.1
209,10,2,5.1,1.1,6.4,5.9,4.6,66.9,51.4
210,10,3,1.8,5.9,4.6,1.1,3.4,78.6,76.9
211,10,4,3.8,3.1,1.6,1.0,2.4,80.7,58.7
212,10,5,1.1,3.7,1.1,6.1,3.0,71.8,68.5
213,10,6,5.8,4.2,2.8,4.4,4.3,73.3,83.0
214,10,7,6.8,1.3,1.9,3.0,3.2,67.1,88.7
215,10,8,4.0,3.4,6.5,5.9,5.0,88.3,65.8
216,10,9,3.3,3.8,2.0,4.9,3.5,75.1,80.1
217,10,10,2.7,1.2,4.1,4.6,3.1,60.7,52.6
218,10,11,6.6,5.0,5.0,5.1,5.4,89.5,59.6
219,10,12,5.9,6.6,2.2,6.0,5.2,93.4,50.0
220,10,13,4.7,4.2,6.6,6.9,5.6,91.9,74.0
221,10,14,3.9,3.3,4.0,6.6,4.5,88.1,77.6
222,10,15,1.4,3.9,5.5,5.8,4.2,77.6,53.7
223,10,16,3.7,6.8,6.9,3.7,5.3,62.0,60.8
224,10,17,4.9,5.1,1.2,3.1,3.6,67.4,88.8
225,10,18,4.3,1.2,5.8,4.4,3.9,92.6,81.3
226,10,19,3.0,5.9,5.3,2.1,4.1,71.3,73.1
227,10,20,2.3,1.2,4.3,1.6,2.4,76.6,76.3
228,10,21,2.0,5.8,2.9,2.2,3.2,82.8,83.4
229,10,22,4.0,3.1,3.6,3.6,3.6,66.6,86.6
230,10,23,6.9,2.0,1.6,3.5,3.5,89.6,90.6
231,11,1,5.0,1.1,2.9,4.9,3.5,76.0,98.0
232,11,2,5.8,1.6,1.2,2.5,2.8,91.4,91.8
233,11,3,1.4,1.8,1.6,4.7,2.4,78.3,60.2
234,11,4,6.0,6.3,5.6,1.4,4.8,70.5,52.6
235,11,5,6.7,2.6,3.1,3.4,4.0,78.9,87.1
236,11,6,4.9,3.5,2.1,5.4,4.0,67.5,65.1
237,11,7,1.0,4.1,3.7,4.2,3.2,95.9,91.5
238,11,8,1.1,2.0,3.0,5.4,2.9,66.3,63.9
239,11,9,3.2,2.9,6.7,6.1,4.7,99.1,96.0
240,11,10,4.9,2.4,2.6,3.5,3.4,85.4,93.1
241,11,11,5.5,5.5,4.1,3.6,4.7,88.0,51.0
242,11,12,6.0,1.3,5.2,6.1,4.7,95.3,65.3
243,11,13,3.6,3.2,6.3,2.4,3.9,93.8,62.7
244,11,14,2.7,1.3,5.4,4.4,3.5,64.6,70.0
245,11,15,6.7,2.8,3.1,6.0,4.7,84.4,76.1
246,11,16,4.0,2.9,2.0,1.7,2.6,99.6,54.4
247,11,17,3.2,4.2,5.0,2.7,3.8,98.7,58.6
248,11,18,6.0,2.6,3.2,1.5,3.3,96.2,51.7
249,11,19,6.7,2.9,6.5,6.0,5.5,87.6,57.1
250,11,20,2.1,1.2,2.7,1.3,1.8,65.3,92.7
251,11,21,1.9,4.8,2.8,2.2,2.9,73.4,72.4
252,11,22,5.8,3.4,4.9,5.7,5.0,75.0,54.8
253,11,23,1.2,2.5,5.4,1.6,2.7,66.8,83.7
254,12,1,4.4,2.9,3.6,3.9,3.7,97.6,79.0
255,12,2,6.4,4.8,6.3,1.6,4.8,69.5,69.4
256,12,3,3.3,4.1,6.7,6.9,5.2,64.4,92.8
257,12,4,1.6,1.6,3.2,3.7,2.5,87.1,77.1
258,12,5,2.6,5.8,4.4,1.6,3.6,84.8,53.2
259,12,6,5.5,5.8,2.8,6.1,5.0,85.3,51.9
260,12,7,6.6,7.0,1.6,5.4,5.2,77.2,51.6
261,12,8,6.4,4.3,5.9,3.3,5.0,60.5,64.1
262,12,9,5.1,4.0,7.0,1.1,4.3,85.0,82.2
263,12,10,2.0,1.1,3.5,4.7,2.8,86.0,98.3
264,12,11,5.4,6.6,2.5,1.4,4.0,81.5,69.4
265,12,12,3.5,6.0,1.3,2.7,3.4,91.1,83.0
266,12,13,5.7,3.4,4.9,5.2,4.8,80.0,60.3
267,12,14,5.2,1.1,2.7,6.1,3.8,64.7,60.9
268,12,15,5.7,3.8,2.6,3.3,3.9,75.6,56.6
269,12,16,3.2,5.7,3.9,3.5,4.1,71.4,100.0
270,12,17,1.4,1.9,5.4,4.8,3.4,82.2,95.8
271,12,18,3.5,4.1,6.5,3.1,4.3,67.7,89.4
272,12,19,1.8,2.9,4.8,5.1,3.6,75.2,52.0
273,12,20,2.8,5.5,1.7,5.1,3.8,77.1,88.8
274,12,21,3.0,1.1,4.4,1.9,2.6,67.2,93.2
275,12,22,1.3,6.4,6.6,2.1,4.1,62.2,77.3
276,12,23,4.7,3.4,5.6,5.3,4.8,86.8,74.3
277,13,1,1.3,4.6,6.4,1.6,3.5,88.8,58.7
278,13,2,3.0,4.9,3.4,4.8,4.0,64.4,79.4
279,13,3,2.4,2.1,4.7,1.0,2.5,74.2,57.4
280,13,4,6.4,6.9,6.3,2.6,5.5,93.3,73.3
281,13,5,1.6,6.9,2.1,3.5,3.5,75.8,78.6
282,13,6,5.8,6.5,1.2,5.3,4.7,97.9,87.5
283,13,7,6.4,3.4,4.6,4.4,4.7,93.0,63.8
284,13,8,4.0,3.8,6.9,2.0,4.2,90.2,57.1
285,13,9,6.3,3.9,4.3,4.8,4.8,62.5,76.1
286,13,10,6.8,2.2,4.1,2.4,3.9,83.3,56.7
287,13,11,4.5,3.9,6.9,3.4,4.7,83.8,91.1
288,13,12,4.6,6.1,4.6,6.7,5.5,66.3,84.9
289,13,13,4.7,5.6,4.7,6.5,5.4,67.9,98.6
290,13,14,5.7,6.2,4.6,3.5,5.0,65.1,98.2
291,13,15,5.9,6.7,1.7,6.5,5.2,82.3,87.0
292,13,16,5.9,5.2,4.5,2.8,4.6,77.6,51.9
293,13,17,5.7,6.8,2.0,3.7,4.5,91.9,75.9
294,13,18,5.9,5.3,6.2,6.9,6.1,97.7,64.7
295,13,19,4.3,4.8,4.9,3.9,4.5,95.3,70.6
296,13,20,4.2,4.9,5.2,4.7,4.8,64.9,95.0
297,13,21,5.8,4.6,4.0,5.3,4.9,76.6,57.8
298,13,22,4.4,5.4,1.1,1.7,3.2,90.6,59.0
299,13,23,5.9,1.8,3.8,4.0,3.9,89.2,63.0
300,14,1,2.4,2.8,2.9,2.9,2.8,90.3,57.7
301,14,2,1.0,5.9,2.9,5.9,3.9,95.7,82.3
302,14,3,5.0,3.5,1.7,5.0,3.8,81.5,53.4
303,14,4,5.8,1.3,4.9,5.5,4.4,78.3,65.6
304,14,5,2.4,4.3,5.3,4.3,4.1,81.1,59.7
305,14,6,4.6,3.5,3.7,1.8,3.4,72.4,68.9
306,14,7,1.9,2.3,1.1,2.8,2.0,60.1,96.5
307,14,8,5.2,1.6,1.0,5.5,3.3,82.7,69.2
308,14,9,2.1,2.3,5.5,3.6,3.4,99.9,53.1
309,14,10,6.0,2.4,4.2,2.3,3.7,99.5,89.3
310,14,11,2.0,6.9,5.4,4.2,4.6,83.3,50.2
311,14,12,4.8,6.6,3.7,6.7,5.5,72.0,95.6
312,14,13,3.9,3.0,4.8,4.1,3.9,80.8,94.9
313,14,14,3.2,4.1,3.3,3.6,3.5,60.7,85.7
314,14,15,3.7,4.9,5.5,2.3,4.1,69.3,69.5
315,14,16,4.1,2.9,2.9,3.8,3.4,77.1,85.9
316,14,17,3.1,6.3,6.6,6.5,5.6,85.2,73.9
317,14,18,6.7,6.7,1.4,6.3,5.3,68.5,78.2
318,14,19,3.9,6.5,3.6,4.7,4.7,96.7,91.0
319,14,20,1.9,5.4,4.0,1.8,3.3,75.3,54.0
320,14,21,6.0,2.0,6.2,2.3,4.1,81.6,82.2
321,14,22,1.0,6.5,6.2,5.6,4.8,91.8,80.6
322,14,23,3.0,1.6,5.9,4.8,3.8,94.4,58.3
323,15,1,6.8,4.2,3.4,2.1,4.1,69.7,77.9
324,15,2,3.6,6.2,4.4,1.4,3.9,85.2,81.0
325,15,3,5.3,2.7,3.3,6.2,4.4,91.0,69.3
326,15,4,4.1,4.2,2.5,4.7,3.9,68.7,67.0
327,15,5,5.7,1.8,2.4,6.3,4.0,61.6,97.0
328,15,6,3.4,1.9,2.3,6.2,3.5,61.6,62.1
329,15,7,4.4,3.8,4.7,4.1,4.2,69.1,96.7
330,15,8,2.2,1.4,3.5,7.0,3.5,81.2,51.6
331,15,9,2.4,1.9,6.1,4.5,3.7,82.4,57.1
332,15,10,2.1,4.6,6.8,4.7,4.5,91.7,70.2
333,15,11,5.2,4.2,4.4,1.6,3.9,88.2,83.8
334,15,12,4.4,6.6,5.6,5.6,5.5,78.4,93.2
335,15,13,6.1,5.9,6.1,1.6,4.9,90.8,66.3
336,15,14,3.7,5.3,2.0,1.1,3.0,82.6,55.6
337,15,15,4.1,5.8,5.9,5.8,5.4,62.8,96.2
338,15,16,6.6,6.1,5.2,1.3,4.8,72.7,51.5
339,15,17,2.1,5.0,1.0,4.3,3.1,63.8,60.4
340,15,18,4.1,4.8,3.0,4.9,4.2,70.6,97.5
341,15,19,2.2,5.2,5.5,6.3,4.8,94.0,73.5
342,15,20,3.8,5.6,3.3,2.6,3.8,86.2,88.9
343,15,21,5.5,3.8,5.6,6.7,5.4,66.7,65.1
344,15,22,5.6,6.5,2.1,1.9,4.0,65.8,76.0
345,15,23,2.7,2.6,2.1,1.1,2.1,80.0,82.9
346,16,1,1.1,3.9,6.4,2.5,3.5,90.7,97.0
347,16,2,6.6,5.3,1.2,2.7,3.9,81.1,98.6
348,16,3,5.9,1.9,1.3,1.3,2.6,74.4,80.9
349,16,4,4.4,2.2,6.9,6.4,5.0,86.2,62.0
350,16,5,6.2,4.1,1.2,4.0,3.9,93.7,75.6
351,16,6,2.6,5.2,3.9,4.4,4.0,66.8,80.3
352,16,7,6.5,1.7,4.1,4.4,4.2,96.7,78.4
353,16,8,1.9,1.1,5.0,4.2,3.0,84.5,73.6
354,16,9,3.0,3.3,1.6,5.9,3.5,69.6,55.1
355,16,10,5.0,6.6,2.9,5.2,4.9,86.5,91.9
356,16,11,6.1,3.1,5.1,3.9,4.5,77.4,67.4
357,16,12,3.7,6.4,3.6,3.4,4.3,92.5,61.5
358,16,13,1.5,3.9,2.6,4.8,3.2,62.2,55.2
359,16,14,5.6,5.8,5.3,1.2,4.5,84.0,96.3
360,16,15,3.0,2.8,6.1,6.8,4.7,79.1,62.3
361,16,16,2.6,5.0,4.6,1.2,3.4,87.0,98.9
362,16,17,5.9,1.3,5.8,1.2,3.5,80.1,65.6
363,16,18,4.8,6.4,2.7,2.0,4.0,99.9,59.7
364,16,19,1.4,6.0,5.8,5.2,4.6,69.3,92.3
365,16,20,4.3,5.8,2.4,5.6,4.5,70.7,69.5
366,16,21,5.4,1.4,2.6,4.7,3.5,99.7,85.7
367,16,22,6.0,2.3,1.2,3.9,3.4,77.8,73.8
368,16,23,4.1,4.5,2.1,4.2,3.7,90.4,85.8
369,17,1,1.0,3.5,6.0,3.3,3.5,77.6,98.6
370,17,2,4.4,2.7,4.0,6.6,4.4,73.4,89.2
371,17,3,4.9,5.6,4.8,4.0,4.8,65.2,75.8
372,17,4,4.3,6.3,4.7,1.4,4.2,75.2,71.1
373,17,5,1.5,6.7,1.4,3.3,3.2,82.0,94.8
374,17,6,2.9,6.9,2.0,2.7,3.6,90.1,82.0
375,17,7,2.6,2.1,4.4,2.5,2.9,62.0,76.7
376,17,8,4.2,5.9,2.1,1.4,3.4,70.2,94.4
377,17,9,1.7,6.1,2.6,2.3,3.2,61.4,58.6
378,17,10,3.1,1.7,1.0,6.9,3.2,94.9,85.0
379,17,11,4.9,2.8,1.1,3.3,3.0,89.8,58.1
380,17,12,6.6,1.3,5.8,4.7,4.6,78.1,55.2
381,17,13,4.9,3.5,4.7,2.7,4.0,99.2,58.9
382,17,14,3.2,4.6,4.8,5.1,4.4,86.6,61.1
383,17,15,3.6,4.5,6.9,2.3,4.3,95.0,55.2
384,17,16,6.0,2.8,4.7,6.9,5.1,72.3,64.0
385,17,17,2.3,7.0,2.8,1.9,3.5,65.3,93.5
386,17,18,5.5,4.7,6.4,5.1,5.4,65.6,66.7
387,17,19,6.8,4.3,4.2,2.4,4.4,98.5,83.0
388,17,20,2.2,2.3,3.1,1.0,2.1,75.4,92.8
389,17,21,3.8,2.7,5.9,3.0,3.9,85.6,90.7
390,17,22,3.8,1.1,1.3,6.1,3.1,75.3,70.6
391,17,23,2.9,4.3,3.7,1.9,3.2,80.1,56.8
392,18,1,3.9,6.0,6.3,6.3,5.6,74.9,62.9
393,18,2,5.0,6.6,5.9,3.5,5.2,91.0,57.2
394,18,3,5.7,1.9,1.5,2.6,2.9,67.7,92.4
395,18,4,2.5,4.1,2.2,5.1,3.5,67.0,60.3
396,18,5,1.9,6.8,6.9,2.9,4.6,91.3,51.4
397,18,6,4.8,2.7,3.5,6.1,4.3,78.5,70.4
398,18,7,6.8,2.7,4.7,1.3,3.9,65.0,79.8
399,18,8,3.4,3.6,6.9,6.7,5.2,66.4,53.9
400,18,9,4.1,1.8,2.3,1.8,2.5,72.6,69.4
401,18,10,3.3,4.0,5.4,5.5,4.5,81.4,78.1
402,18,11,4.7,2.1,6.1,3.9,4.2,92.9,77.0
403,18,12,6.8,4.4,3.2,4.6,4.8,75.0,50.2
404,18,13,5.7,6.1,3.9,1.9,4.4,92.6,86.7
405,18,14,4.4,6.2,4.6,4.8,5.0,82.1,78.4
406,18,15,1.6,6.9,5.9,4.7,4.8,89.3,95.4
407,18,16,6.7,5.4,6.7,5.8,6.2,60.1,65.6
408,18,17,5.0,2.6,1.1,3.5,3.0,74.0,59.9
409,18,18,5.3,1.7,6.6,5.2,4.7,87.3,61.1
410,18,19,4.2,4.6,5.6,2.9,4.3,79.0,74.4
411,18,20,6.5,1.2,4.6,3.8,4.0,65.3,71.8
412,18,21,1.5,2.2,3.9,2.8,2.6,86.4,71.8
413,18,22,3.8,3.5,6.7,3.5,4.4,85.9,50.4
414,18,23,4.8,2.6,2.5,6.2,4.0,88.7,67.0
415,19,1,5.0,5.8,4.6,6.3,5.4,71.8,88.1
416,19,2,2.9,1.8,6.2,4.8,3.9,62.6,56.8
417,19,3,5.0,2.4,6.8,6.4,5.2,65.7,59.2
418,19,4,4.0,1.5,6.7,1.4,3.4,74.2,64.5
419,19,5,4.0,5.8,6.7,2.2,4.7,95.2,97.9
420,19,6,4.2,5.4,6.8,2.6,4.8,87.3,52.5
421,19,7,3.6,1.6,3.5,2.7,2.9,78.3,63.1
422,19,8,5.6,4.6,2.6,6.0,4.7,98.3,66.6
423,19,9,5.8,3.2,6.5,1.5,4.2,99.4,96.4
424,19,10,4.9,3.9,6.9,1.2,4.2,83.0,66.6
425,19,11,4.9,6.7,5.4,6.2,5.8,61.3,97.8
426,19,12,6.6,2.2,6.6,2.4,4.5,79.9,55.7
427,19,13,5.2,1.9,5.3,5.8,4.5,70.6,81.7
428,19,14,5.9,2.4,3.7,4.2,4.0,75.1,50.1
429,19,15,4.6,5.2,6.3,3.1,4.8,89.2,84.3
430,19,16,5.8,6.7,2.5,4.0,4.8,65.7,87.4
431,19,17,6.2,6.5,2.1,1.1,4.0,84.7,70.3
432,19,18,2.9,2.9,1.4,5.7,3.2,74.9,83.6
433,19,19,6.7,3.0,5.0,1.4,4.0,61.4,90.9
434,19,20,3.0,6.6,2.8,3.1,3.9,85.1,54.3
435,19,21,1.2,5.6,4.5,1.4,3.2,66.5,55.5
436,19,22,3.5,1.6,6.9,4.0,4.0,94.7,96.9
437,19,23,5.0,1.5,1.5,3.0,2.8,86.4,77.1
438,20,1,3.9,4.8,1.1,4.2,3.5,77.6,66.8
439,20,2,1.4,3.2,6.1,6.3,4.2,90.7,72.7
440,20,3,3.3,4.2,4.2,5.1,4.2,66.7,59.0
441,20,4,5.2,3.7,2.4,6.0,4.3,67.6,87.5
442,20,5,2.0,4.0,6.8,4.8,4.4,81.3,78.9
443,20,6,1.9,3.8,5.1,1.0,2.9,81.8,80.2
444,20,7,2.7,5.9,5.8,2.3,4.2,64.6,62.0
445,20,8,4.3,3.0,3.8,5.7,4.2,69.0,99.7
446,20,9,4.8,2.0,5.7,1.4,3.5,98.8,69.9
447,20,10,6.9,6.4,6.4,2.4,5.5,80.2,64.8
448,20,11,3.2,4.2,2.7,3.5,3.4,79.6,96.6
449,20,12,6.9,5.0,5.2,3.0,5.0,69.2,51.2
450,20,13,1.8,2.4,5.2,4.7,3.5,62.2,81.0
451,20,14,4.5,5.1,6.9,1.1,4.4,96.1,85.5
452,20,15,2.5,2.5,6.5,4.1,3.9,85.4,87.1
453,20,16,1.5,2.2,6.0,5.4,3.8,95.7,82.5
454,20,17,4.3,4.6,3.7,1.9,3.6,61.8,85.5
455,20,18,6.8,5.6,4.7,3.7,5.2,98.2,65.9
456,20,19,3.6,5.0,6.8,6.6,5.5,86.5,73.5
457,20,20,3.9,4.7,6.2,3.3,4.5,90.9,90.8
458,20,21,1.9,4.8,3.9,5.1,3.9,67.1,81.6
459,20,22,1.6,2.3,6.6,6.3,4.2,76.6,58.6
460,20,23,3.1,2.2,6.0,3.1,3.6,86.1,93.6
461,21,1,6.3,2.2,6.6,6.4,5.4,82.4,70.0
462,21,2,1.5,3.2,2.6,1.6,2.2,91.6,57.3
463,21,3,4.3,5.2,1.1,4.3,3.7,69.8,80.7
464,21,4,4.7,3.2,6.8,4.5,4.8,85.3,66.7
465,21,5,5.9,2.1,1.8,5.9,3.9,92.1,97.0
466,21,6,4.3,1.4,2.6,4.3,3.1,63.5,95.8
467,21,7,6.5,1.2,6.8,2.9,4.3,70.9,50.4
468,21,8,2.5,1.3,3.0,4.6,2.9,60.5,54.4
469,21,9,5.4,3.8,5.3,4.9,4.8,82.8,93.4
470,21,10,1.1,2.5,3.5,4.3,2.9,84.5,68.4
471,21,11,4.6,4.3,2.3,1.2,3.1,92.1,88.7
472,21,12,4.0,2.8,3.1,3.8,3.4,84.7,89.3
473,21,13,5.9,5.0,5.8,5.8,5.6,83.8,89.0
474,21,14,4.7,4.5,3.3,3.8,4.1,98.1,95.5
475,21,15,5.6,6.5,3.1,4.7,5.0,91.8,53.0
476,21,16,2.8,6.1,2.1,6.1,4.3,61.7,88.1
477,21,17,1.4,6.7,3.4,5.3,4.2,96.9,50.5
478,21,18,2.8,1.3,1.1,4.4,2.4,65.0,56.8
479,21,19,4.6,6.7,5.5,5.8,5.7,82.3,59.6
480,21,20,4.0,3.7,6.1,2.6,4.1,77.7,96.0
481,21,21,5.3,6.9,7.0,3.6,5.7,64.4,69.6
482,21,22,2.3,1.2,4.1,6.9,3.6,96.2,95.5
483,21,23,5.5,5.2,5.6,6.6,5.7,72.9,62.4
484,22,1,5.3,2.9,1.5,2.5,3.0,96.6,58.8
485,22,2,6.8,3.3,1.4,6.4,4.5,73.0,86.3
486,22,3,4.7,5.8,4.8,4.1,4.8,78.3,74.2
487,22,4,5.4,3.8,2.6,5.0,4.2,88.3,85.5
488,22,5,3.5,4.1,6.4,5.2,4.8,66.6,82.9
489,22,6,1.9,3.0,4.7,4.0,3.4,95.1,78.0
490,22,7,4.8,4.8,6.0,3.2,4.7,70.4,73.6
491,22,8,6.1,4.7,6.3,1.2,4.6,90.8,65.3
492,22,9,1.3,1.7,1.9,6.9,3.0,96.6,70.9
493,22,10,5.7,3.9,5.0,2.0,4.2,62.7,65.4
494,22,11,1.3,6.6,3.9,2.5,3.6,83.7,91.9
495,22,12,4.9,3.5,1.6,4.6,3.6,92.9,87.1
496,22,13,3.4,1.2,6.0,6.8,4.3,99.7,79.1
497,22,14,2.7,6.9,5.2,6.7,5.4,80.1,80.5
498,22,15,1.8,2.0,4.6,4.8,3.3,92.4,90.2
499,22,16,1.6,3.4,5.3,2.0,3.1,80.2,83.4
500,22,17,1.8,2.6,6.5,6.0,4.2,68.9,53.1
501,22,18,2.4,3.2,2.9,5.9,3.6,68.8,89.6
502,22,19,5.2,3.7,6.2,5.5,5.2,95.6,95.5
503,22,20,5.9,5.4,5.3,7.0,5.9,74.6,82.5
504,22,21,6.2,5.0,6.8,4.9,5.7,66.0,73.8
505,22,22,2.7,5.9,1.4,3.5,3.4,75.8,98.2
506,22,23,6.3,1.3,5.9,3.7,4.3,80.0,57.2
507,23,1,6.2,3.5,3.4,2.0,3.8,67.9,57.4
508,23,2,1.5,6.4,4.9,4.3,4.3,81.8,86.1
509,23,3,4.0,4.4,3.2,6.9,4.6,66.6,92.6
510,23,4,1.3,6.6,3.3,1.3,3.1,95.0,54.6
511,23,5,2.2,4.6,2.1,3.2,3.0,72.7,62.3
512,23,6,3.7,6.3,2.2,2.4,3.6,91.0,62.5
513,23,7,4.1,2.4,1.1,7.0,3.6,60.5,96.6
514,23,8,6.6,5.2,1.4,6.4,4.9,91.5,58.4
515,23,9,6.4,2.7,5.3,5.1,4.9,65.9,83.8
516,23,10,5.2,1.6,4.3,1.6,3.2,84.7,50.2
517,23,11,4.9,6.7,4.5,6.2,5.6,66.1,77.4
518,23,12,1.5,4.0,4.8,1.5,3.0,86.1,88.9
519,23,13,4.9,6.3,5.3,6.3,5.7,80.3,87.5
520,23,14,4.3,3.0,5.6,6.8,4.9,78.8,82.6
521,23,15,4.3,5.9,3.1,4.6,4.5,92.2,71.4
522,23,16,6.3,2.2,1.1,3.4,3.2,96.6,60.6
523,23,17,1.6,6.7,4.2,6.4,4.7,98.2,82.8
524,23,18,3.4,2.2,2.3,6.8,3.7,73.7,83.7
525,23,19,4.8,2.3,6.0,4.2,4.3,69.5,64.1
526,23,20,6.0,4.5,1.8,6.4,4.7,82.3,61.0
527,23,21,1.4,4.7,6.5,6.7,4.8,94.9,70.1
528,23,22,4.5,5.7,4.5,1.7,4.1,93.3,51.2
529,23,23,3.7,1.3,2.4,5.6,3.2,91.2,60.6
530,24,1,3.5,1.9,3.0,5.9,3.6,77.5,74.5
531,24,2,5.4,5.1,1.7,2.4,3.6,74.7,85.1
532,24,3,4.3,2.3,3.0,2.1,2.9,82.8,85.7
533,24,4,4.1,3.8,5.7,4.0,4.4,76.6,62.5
534,24,5,5.5,2.5,2.2,5.5,3.9,64.6,75.1
535,24,6,1.4,3.2,5.4,3.5,3.4,82.0,93.3
536,24,7,5.0,6.5,1.1,6.6,4.8,90.1,66.2
537,24,8,2.8,3.8,1.8,3.5,3.0,95.9,79.8
538,24,9,1.7,2.1,3.6,2.4,2.5,75.2,55.7
539,24,10,2.2,5.9,5.3,6.7,5.0,93.4,68.0
540,24,11,5.8,1.6,7.0,5.2,4.9,69.8,70.2
541,24,12,1.1,5.1,6.9,4.0,4.3,80.7,70.6
542,24,13,5.8,3.6,2.1,1.9,3.4,93.5,83.6
543,24,14,1.8,2.5,1.4,4.1,2.4,93.5,90.3
544,24,15,7.0,2.5,4.6,3.3,4.3,81.4,61.6
545,24,16,3.4,5.1,3.6,5.2,4.3,69.2,74.8
546,24,17,3.9,1.2,6.1,4.8,4.0,81.3,72.7
547,24,18,6.0,2.1,5.7,3.8,4.4,66.5,90.8
548,24,19,3.9,3.7,4.0,2.5,3.5,97.9,57.7
549,24,20,7.0,3.3,3.5,5.1,4.7,84.7,51.9
550,24,21,1.9,4.7,6.2,4.8,4.4,69.2,83.9
551,24,22,1.9,5.0,5.1,4.4,4.1,76.1,86.8
552,24,23,5.4,2.8,5.2,6.5,5.0,90.7,80.7
553,25,1,1.7,3.1,3.1,5.8,3.4,99.3,53.3
554,25,2,6.9,5.3,5.7,6.8,6.2,75.3,79.7
555,25,3,6.3,4.4,3.0,5.1,4.7,83.4,100.0
556,25,4,2.3,5.4,4.5,2.7,3.7,69.4,78.4
557,25,5,1.9,4.0,5.3,3.0,3.5,96.3,70.1
558,25,6,1.5,4.8,2.9,3.2,3.1,64.3,92.0
559,25,7,3.0,5.0,2.6,6.0,4.2,60.7,83.0
560,25,8,4.2,1.1,1.7,6.5,3.4,91.1,94.9
561,25,9,6.8,5.1,5.4,5.1,5.6,86.3,93.5
562,25,10,5.1,1.9,6.6,5.9,4.9,67.3,72.8
563,25,11,1.7,5.6,5.8,2.4,3.9,91.8,52.8
564,25,12,5.3,1.1,5.1,1.5,3.2,80.7,65.0
565,25,13,3.8,6.6,3.7,6.9,5.2,64.0,92.6
566,25,14,3.8,2.4,2.7,4.0,3.2,62.9,51.9
567,25,15,5.1,2.4,3.8,1.8,3.3,76.9,58.6
568,25,16,3.9,2.6,2.1,3.3,3.0,72.3,94.2
569,25,17,5.9,6.1,1.3,2.8,4.0,98.9,80.8
570,25,18,6.8,6.8,5.9,6.5,6.5,88.4,90.2
571,25,19,5.2,3.5,5.7,4.6,4.8,67.3,64.3
572,25,20,2.1,3.0,6.5,2.3,3.5,68.3,90.1
573,25,21,2.4,3.3,4.2,2.3,3.0,95.3,93.4
574,25,22,1.7,2.9,3.7,1.6,2.5,92.2,55.5
575,25,23,5.0,6.3,3.7,7.0,5.5,74.1,90.0
576,26,1,4.2,3.6,6.7,4.5,4.8,66.7,93.0
577,26,2,1.9,1.3,4.8,4.8,3.2,67.1,86.5
578,26,3,5.0,1.2,4.3,5.2,3.9,82.1,52.7
579,26,4,6.8,2.0,3.6,2.3,3.7,88.0,88.5
580,26,5,1.5,1.3,3.5,1.3,1.9,71.8,62.8
581,26,6,3.2,3.5,5.6,4.8,4.3,82.4,61.3
582,26,7,1.3,5.4,5.1,3.2,3.8,77.3,99.8
583,26,8,6.6,2.6,1.3,5.2,3.9,93.3,54.2
584,26,9,1.6,2.9,4.3,2.8,2.9,74.4,56.4
585,26,10,6.2,6.4,3.8,5.7,5.5,70.1,97.4
586,26,11,4.0,1.5,6.7,1.5,3.4,78.7,60.8
587,26,12,3.4,2.3,6.5,2.4,3.6,80.5,73.9
588,26,13,6.5,3.9,4.3,6.0,5.2,77.3,65.6
589,26,14,2.3,1.8,3.7,2.7,2.6,64.7,78.4
590,26,15,1.2,2.2,6.6,4.4,3.6,61.2,77.6
591,26,16,1.4,4.5,5.7,5.9,4.4,85.8,68.4
592,26,17,4.1,2.4,3.6,4.4,3.6,85.2,88.2
593,26,18,5.9,4.7,2.8,5.0,4.6,83.4,51.2
594,26,19,1.1,5.9,4.9,1.8,3.4,67.3,55.1
595,26,20,6.2,4.6,1.8,2.1,3.7,83.4,82.6
596,26,21,6.6,1.8,1.6,5.7,3.9,94.5,83.1
597,26,22,5.1,2.1,1.3,4.4,3.2,81.5,69.4
598,26,23,5.4,3.9,5.1,1.5,4.0,96.2,62.5
599,27,1,2.7,2.9,3.1,4.6,3.3,71.9,63.7
600,27,2,4.7,2.3,6.8,3.9,4.4,93.1,80.1
601,27,3,1.7,1.8,2.7,3.7,2.5,85.9,55.6
602,27,4,2.3,4.2,4.5,5.8,4.2,94.3,75.5
603,27,5,2.3,2.4,4.9,3.4,3.2,92.7,83.3
604,27,6,3.1,3.6,1.7,1.5,2.5,99.2,78.4
605,27,7,2.2,3.0,5.4,4.9,3.9,65.9,64.2
606,27,8,1.2,1.5,2.7,3.0,2.1,85.1,74.2
607,27,9,6.5,5.4,3.3,6.9,5.5,74.0,90.6
608,27,10,3.8,5.4,5.1,5.0,4.8,80.8,91.1
609,27,11,1.3,3.0,1.8,2.0,2.0,81.3,67.1
610,27,12,2.9,5.9,1.6,4.8,3.8,83.9,69.7
611,27,13,6.6,2.5,1.1,3.1,3.3,91.1,74.3
612,27,14,4.8,1.5,2.1,4.3,3.2,94.8,69.1
613,27,15,2.4,1.5,6.4,1.8,3.0,96.9,52.2
614,27,16,3.1,2.3,6.5,1.2,3.3,92.3,85.9
615,27,17,6.4,1.5,2.7,2.9,3.4,94.9,83.6
616,27,18,2.0,5.6,2.4,2.8,3.2,65.9,66.2
617,27,19,5.0,6.0,1.0,2.0,3.5,86.8,98.1
618,27,20,4.8,6.4,4.9,5.7,5.5,74.6,97.6
619,27,21,5.2,6.5,1.6,1.8,3.8,66.0,67.9
620,27,22,6.5,3.1,2.5,6.0,4.5,87.3,86.3
621,27,23,1.6,5.5,5.2,5.3,4.4,85.0,85.3
622,28,1,5.7,1.7,3.4,6.7,4.4,92.4,66.3
623,28,2,4.1,1.2,4.8,4.9,3.8,100.0,54.7
624,28,3,3.7,1.8,2.1,3.5,2.8,67.1,79.6
625,28,4,4.4,1.7,4.5,1.4,3.0,62.1,78.1
626,28,5,5.0,4.2,5.8,6.5,5.4,85.5,60.1
627,28,6,1.9,5.7,2.0,5.2,3.7,81.1,80.7
628,28,7,3.7,3.1,1.6,5.4,3.5,89.8,80.9
629,28,8,1.4,1.3,5.6,3.2,2.9,78.8,85.2
630,28,9,2.5,4.3,6.4,1.3,3.6,88.8,57.5
631,28,10,2.3,4.2,1.8,3.6,3.0,71.8,51.7
632,28,11,3.0,1.5,6.2,1.5,3.0,84.4,68.7
633,28,12,3.6,4.5,2.7,6.1,4.2,86.8,66.6
634,28,13,6.1,3.8,1.6,3.0,3.6,89.6,64.2
635,28,14,5.2,1.2,4.6,6.2,4.3,85.1,86.8
636,28,15,4.5,1.9,1.0,5.5,3.2,61.5,59.4
637,28,16,5.0,1.5,5.1,1.5,3.3,95.7,60.3
638,28,17,5.9,2.7,1.4,2.6,3.2,94.8,68.5
639,28,18,5.3,5.4,1.2,3.9,4.0,96.0,73.5
640,28,19,6.8,6.4,3.3,5.8,5.6,96.1,78.7
641,28,20,4.5,1.6,4.0,2.8,3.2,73.6,57.9
642,28,21,7.0,4.2,6.4,4.8,5.6,75.9,79.4
643,28,22,5.6,5.6,2.3,4.2,4.4,74.2,67.9
644,28,23,1.6,3.1,2.3,3.2,2.5,77.0,52.4
645,29,1,6.6,3.3,1.2,3.2,3.6,80.9,74.4
646,29,2,5.4,6.0,3.9,3.3,4.7,84.0,74.3
647,29,3,2.1,4.3,2.2,3.5,3.0,99.2,51.1
648,29,4,6.6,3.9,4.3,1.3,4.0,60.7,98.8
649,29,5,1.8,2.3,4.5,2.9,2.9,98.3,84.2
650,29,6,6.1,6.3,4.3,6.0,5.7,74.2,81.2
651,29,7,6.9,2.3,5.3,1.5,4.0,78.9,99.8
652,29,8,2.7,1.9,5.9,4.8,3.8,85.8,60.0
653,29,9,3.2,7.0,1.1,5.5,4.2,63.5,57.2
654,29,10,5.9,5.5,5.7,6.0,5.8,69.3,85.7
655,29,11,1.2,5.6,1.9,1.6,2.6,79.8,74.2
656,29,12,5.7,2.5,6.5,4.1,4.7,64.9,98.8
657,29,13,2.6,2.7,5.6,6.3,4.3,85.1,93.7
658,29,14,6.6,5.4,3.3,3.3,4.7,77.7,59.2
659,29,15,4.6,2.7,6.3,2.5,4.0,69.3,65.6
660,29,16,1.2,4.6,5.0,5.3,4.0,83.9,65.3
661,29,17,1.9,3.2,2.1,5.2,3.1,81.2,96.5
662,29,18,2.0,4.3,5.8,3.2,3.8,72.2,98.3
663,29,19,3.3,2.2,4.4,4.8,3.7,87.3,84.3
664,29,20,4.2,2.8,1.7,5.2,3.5,78.1,61.9
665,29,21,4.4,1.8,2.7,2.8,2.9,97.4,50.0
666,29,22,3.3,5.4,4.7,2.0,3.9,82.2,83.8
667,29,23,1.9,4.1,1.3,3.0,2.6,99.0,93.3
668,30,1,6.5,2.9,1.5,4.3,3.8,71.3,60.7
669,30,2,6.0,4.8,3.5,3.2,4.4,75.5,76.7
670,30,3,1.8,5.6,3.6,4.5,3.9,74.1,60.4
671,30,4,1.4,5.7,4.6,3.9,3.9,71.1,58.9
672,30,5,5.0,2.0,6.4,5.9,4.8,85.6,74.1
673,30,6,4.3,2.1,6.0,4.1,4.1,77.1,63.4
674,30,7,4.9,6.4,3.9,1.4,4.2,66.2,80.8
675,30,8,3.1,3.1,1.9,3.1,2.8,84.6,59.6
676,30,9,3.4,4.1,4.7,3.1,3.8,98.8,77.0
677,30,10,3.9,3.5,4.7,3.8,4.0,61.1,68.8
678,30,11,2.3,4.2,6.5,4.2,4.3,69.6,88.7
679,30,12,2.0,6.8,4.6,5.2,4.7,97.5,81.8
680,30,13,6.2,4.6,4.0,2.5,4.3,86.3,54.9
681,30,14,5.3,4.8,1.9,6.4,4.6,70.4,54.6
682,30,15,3.3,2.7,4.8,2.2,3.2,72.8,89.8
683,30,16,6.9,5.3,6.4,1.9,5.1,98.3,76.2
684,30,17,6.8,6.1,4.6,2.6,5.0,84.5,96.9
685,30,18,2.9,3.8,6.7,5.5,4.7,93.2,98.1
686,30,19,2.4,6.3,2.5,3.1,3.6,93.9,77.6
687,30,20,5.2,6.8,5.9,6.9,6.2,89.8,80.7
688,30,21,1.7,5.0,3.8,5.9,4.1,96.5,76.8
689,30,22,1.2,3.0,6.7,3.6,3.6,66.8,98.2
690,30,23,5.5,5.1,5.6,6.8,5.8,84.9,81.4
691,31,1,1.3,1.5,6.9,3.9,3.4,86.6,95.7
692,31,2,2.8,4.8,6.0,6.3,5.0,86.4,97.1
693,31,3,5.8,3.5,4.6,6.9,5.2,80.2,58.2
694,31,4,3.4,6.4,5.6,3.8,4.8,99.0,70.5
695,31,5,5.3,3.3,4.8,5.2,4.7,70.5,80.8
696,31,6,2.2,2.7,3.8,5.2,3.5,93.0,61.9
697,31,7,1.8,2.5,2.4,1.0,1.9,78.8,64.0
698,31,8,5.1,6.7,5.2,6.6,5.9,81.2,60.8
699,31,9,1.3,5.3,3.5,1.6,2.9,78.1,96.6
700,31,10,7.0,2.3,6.4,5.0,5.2,87.8,54.0
701,31,11,2.1,6.5,6.0,6.4,5.2,93.1,88.7
702,31,12,4.4,3.6,2.5,5.6,4.0,65.8,84.4
703,31,13,7.0,5.3,4.7,2.9,5.0,86.8,63.6
704,31,14,5.7,5.1,5.9,1.6,4.6,69.1,54.6
705,31,15,2.6,2.7,4.1,6.8,4.0,65.2,72.3
706,31,16,6.8,4.9,1.1,5.2,4.5,73.8,72.8
707,31,17,4.4,4.1,2.7,2.8,3.5,73.7,55.6
708,31,18,4.4,2.3,3.6,6.7,4.2,78.7,76.8
709,31,19,1.9,6.6,2.5,4.6,3.9,60.3,80.7
710,31,20,6.2,3.4,2.5,4.3,4.1,65.8,53.2
711,31,21,6.7,2.3,1.2,4.7,3.7,91.9,59.3
712,31,22,5.6,4.2,5.6,3.0,4.6,90.8,99.0
713,31,23,3.5,3.1,5.2,2.2,3.5,78.3,72.2
714,32,1,1.6,3.8,1.4,3.1,2.5,86.9,50.0
715,32,2,5.7,6.1,6.5,5.1,5.8,84.2,75.2
716,32,3,1.6,5.8,4.0,4.1,3.9,73.2,88.7
717,32,4,3.8,2.8,5.1,5.7,4.3,60.6,63.5
718,32,5,1.1,5.6,7.0,6.3,5.0,64.9,84.0
719,32,6,4.6,1.8,6.3,6.7,4.8,65.2,91.6
720,32,7,6.4,4.2,5.2,2.9,4.7,88.0,81.9
721,32,8,3.3,6.6,3.2,2.5,3.9,95.1,98.1
722,32,9,1.9,4.4,1.9,3.1,2.8,69.1,52.4
723,32,10,5.7,5.6,4.7,2.5,4.6,72.5,75.9
724,32,11,3.1,4.4,3.9,6.5,4.5,88.0,70.6
725,32,12,2.7,5.8,2.8,2.1,3.4,72.6,85.3
726,32,13,6.8,5.2,6.6,5.1,5.9,74.3,54.6
727,32,14,3.4,6.7,6.1,2.6,4.7,71.9,61.4
728,32,15,1.3,4.2,3.0,3.6,3.0,91.3,79.6
729,32,16,1.5,1.0,2.4,5.0,2.5,61.4,61.7
730,32,17,6.4,6.2,3.8,6.1,5.6,79.4,91.7
731,32,18,4.1,2.7,2.5,6.0,3.8,84.2,72.4
732,32,19,2.7,5.3,2.5,3.8,3.6,88.9,70.8
733,32,20,1.7,1.8,3.5,1.5,2.1,74.6,89.0
734,32,21,5.3,4.1,1.5,3.4,3.6,91.0,67.0
735,32,22,4.3,3.8,6.7,3.2,4.5,75.0,92.0
736,32,23,4.4,1.9,3.9,1.9,3.0,74.1,61.3
737,33,1,1.1,1.5,1.7,5.8,2.5,76.0,70.3
738,33,2,3.2,5.4,3.2,1.4,3.3,82.3,51.3
739,33,3,4.5,4.3,2.5,2.3,3.4,77.5,76.7
740,33,4,5.8,2.1,5.7,3.2,4.2,78.8,58.3
741,33,5,3.9,6.4,1.2,3.6,3.8,81.9,94.7
742,33,6,4.4,1.1,6.9,3.4,4.0,69.3,76.6
743,33,7,3.4,1.7,6.6,4.6,4.1,87.9,66.6
744,33,8,1.2,5.6,3.9,6.6,4.3,93.9,72.4
745,33,9,2.6,4.7,4.2,5.3,4.2,71.5,64.0
746,33,10,1.8,4.1,3.8,6.9,4.2,91.0,77.7
747,33,11,1.9,5.8,5.4,5.6,4.7,69.4,62.9
748,33,12,3.6,1.4,1.9,1.8,2.2,67.7,60.7
749,33,13,4.7,6.3,1.9,6.1,4.8,84.4,59.2
750,33,14,1.7,4.5,3.3,3.8,3.3,76.4,53.6
751,33,15,3.3,3.5,3.3,1.7,2.9,66.4,52.4
752,33,16,5.5,6.2,3.4,4.8,5.0,70.9,87.9
753,33,17,6.6,5.4,5.4,3.3,5.2,96.5,82.6
754,33,18,1.9,3.6,2.9,4.7,3.3,60.3,61.7
755,33,19,5.2,6.0,5.0,4.5,5.2,82.8,67.6
756,33,20,6.0,2.0,4.2,2.4,3.6,69.4,62.0
757,33,21,5.4,3.0,2.9,4.8,4.0,84.9,59.2
758,33,22,6.6,3.9,5.4,1.1,4.2,60.1,63.5
759,33,23,2.9,2.5,6.8,6.2,4.6,75.5,98.2
760,34,1,6.5,2.8,4.6,5.1,4.8,73.2,68.4
761,34,2,2.7,2.4,3.6,4.4,3.3,72.7,68.7
762,34,3,1.2,3.1,5.7,5.7,3.9,76.3,70.9
763,34,4,4.2,5.9,4.5,5.7,5.1,90.4,79.5
764,34,5,2.9,2.0,6.5,5.6,4.2,69.5,76.4
765,34,6,6.9,2.6,2.0,5.0,4.1,61.8,78.9
766,34,7,4.5,5.3,1.2,2.0,3.2,89.6,58.3
767,34,8,5.2,1.1,5.4,5.0,4.2,63.8,94.3
768,34,9,2.4,2.6,4.5,5.7,3.8,66.0,80.6
769,34,10,6.4,5.2,4.4,4.3,5.1,67.5,59.5
770,34,11,2.2,5.2,3.9,1.8,3.3,87.9,80.6
771,34,12,4.0,5.4,2.6,1.6,3.4,67.5,80.5
772,34,13,6.0,1.4,2.4,4.8,3.6,63.2,50.7
773,34,14,1.7,2.7,3.3,1.6,2.3,70.3,94.7
774,34,15,6.3,5.5,6.2,6.6,6.2,84.4,66.6
775,34,16,1.8,1.7,1.2,1.4,1.5,84.2,67.4
776,34,17,5.0,4.1,2.8,1.6,3.4,82.8,88.3
777,34,18,4.7,6.4,1.3,3.5,4.0,60.7,77.0
778,34,19,2.8,2.3,3.0,3.4,2.9,68.3,68.9
779,34,20,6.8,2.2,6.1,2.7,4.5,99.3,56.2
780,34,21,5.1,2.9,4.4,2.7,3.8,67.8,96.6
781,34,22,2.5,1.3,6.5,6.8,4.3,78.6,50.7
782,34,23,3.0,2.5,4.2,5.1,3.7,87.4,53.5
783,35,1,6.5,4.2,5.5,5.2,5.3,94.6,55.3
784,35,2,1.9,5.6,5.9,6.2,4.9,82.6,94.7
785,35,3,6.0,4.8,4.5,4.4,4.9,62.6,64.8
786,35,4,5.3,2.8,4.5,3.3,4.0,73.1,63.8
787,35,5,4.5,5.8,6.7,6.6,5.9,91.3,50.1
788,35,6,1.9,4.5,5.3,4.2,4.0,73.9,90.4
789,35,7,1.6,1.3,3.2,1.7,2.0,74.2,67.9
790,35,8,4.8,4.4,6.5,6.2,5.5,77.0,51.7
791,35,9,2.3,3.2,2.9,2.7,2.8,66.2,58.3
792,35,10,4.8,3.3,5.5,5.0,4.7,77.0,77.8
793,35,11,5.4,2.9,6.5,6.6,5.3,93.5,93.2
794,35,12,3.0,3.3,6.3,1.4,3.5,77.3,82.1
795,35,13,3.1,3.6,5.9,2.0,3.7,94.8,70.2
796,35,14,3.6,5.6,3.6,2.4,3.8,73.2,65.7
797,35,15,5.2,7.0,6.8,3.4,5.6,72.9,83.7
798,35,16,1.6,2.5,6.9,6.1,4.3,67.2,68.9
799,35,17,2.3,1.1,1.0,3.0,1.9,76.7,76.1
800,35,18,5.4,3.7,1.4,1.1,2.9,99.5,87.3
801,35,19,5.7,4.7,5.7,4.9,5.2,64.9,91.8
802,35,20,4.7,2.4,4.9,1.5,3.4,81.5,98.4
803,35,21,5.0,1.3,2.6,5.9,3.7,75.4,62.1
804,35,22,3.0,3.8,3.0,1.7,2.9,82.9,85.7
805,35,23,3.9,5.6,3.1,4.4,4.2,86.0,74.5
806,36,1,3.5,1.6,4.9,5.8,4.0,92.0,69.9
807,36,2,3.0,1.2,5.3,6.4,4.0,94.7,55.3
808,36,3,1.7,6.2,3.3,5.4,4.2,64.5,90.2
809,36,4,2.1,1.8,5.4,1.4,2.7,63.2,62.8
810,36,5,4.7,6.5,5.3,6.6,5.8,90.1,75.1
811,36,6,1.3,1.7,2.4,1.1,1.6,65.5,61.0
812,36,7,6.6,2.5,5.6,2.3,4.2,61.8,83.7
813,36,8,6.6,5.8,4.8,2.4,4.9,70.8,61.6
814,36,9,6.9,3.1,4.5,5.1,4.9,64.6,99.0
815,36,10,5.8,2.1,4.3,2.8,3.8,73.8,98.5
816,36,11,5.3,4.9,4.6,4.6,4.8,71.4,95.1
817,36,12,6.5,4.4,5.7,4.8,5.3,80.9,61.8
818,36,13,4.2,6.8,5.5,3.2,4.9,71.6,75.5
819,36,14,1.5,4.4,3.0,4.6,3.4,81.3,51.3
820,36,15,3.5,2.5,2.1,1.3,2.4,80.6,55.2
821,36,16,2.9,6.6,5.2,2.4,4.3,91.4,81.3
822,36,17,6.6,3.3,1.5,6.6,4.5,67.7,50.1
823,36,18,5.4,3.8,3.8,4.8,4.5,63.1,66.0
824,36,19,2.8,5.5,3.4,2.8,3.6,68.0,95.1
825,36,20,6.3,1.1,6.2,1.3,3.7,80.6,86.2
826,36,21,6.6,6.6,3.8,3.0,5.0,61.1,56.0
827,36,22,3.9,1.4,2.0,6.0,3.3,79.6,86.3
828,36,23,7.0,4.3,2.4,5.5,4.8,98.1,56.6
829,37,1,1.4,5.6,6.3,6.3,4.9,86.8,61.2
830,37,2,4.6,3.3,6.2,3.5,4.4,72.1,96.4
831,37,3,5.7,2.3,3.0,2.3,3.3,60.2,79.6
832,37,4,3.7,1.9,1.0,4.0,2.6,84.8,51.3
833,37,5,4.6,1.3,2.3,3.8,3.0,79.8,78.4
834,37,6,3.5,4.3,4.9,5.6,4.6,95.5,69.1
835,37,7,1.6,4.9,1.2,5.2,3.2,63.5,50.6
836,37,8,3.8,6.4,3.2,3.2,4.2,78.9,96.2
837,37,9,5.9,4.7,4.9,6.2,5.4,61.9,90.4
838,37,10,3.0,3.4,6.4,1.2,3.5,89.1,53.1
839,37,11,1.4,3.1,2.2,3.8,2.6,96.8,57.0
840,37,12,1.5,3.1,2.9,4.6,3.0,74.7,67.7
841,37,13,4.9,6.8,3.6,5.0,5.1,95.4,95.8
842,37,14,3.9,5.3,5.1,1.6,4.0,65.2,89.9
843,37,15,5.7,6.0,5.9,2.0,4.9,95.3,51.1
844,37,16,4.8,4.5,4.8,4.0,4.5,83.9,80.1
845,37,17,4.6,3.7,3.0,3.9,3.8,65.3,98.1
846,37,18,4.1,3.6,1.8,2.0,2.9,88.2,81.8
847,37,19,1.4,6.4,2.0,1.1,2.7,91.6,58.7
848,37,20,3.8,1.3,2.1,4.2,2.9,60.5,99.7
849,37,21,4.1,6.5,5.0,3.6,4.8,69.8,62.6
850,37,22,1.6,1.8,3.2,6.8,3.4,89.8,51.2
851,37,23,2.9,4.6,1.8,1.2,2.6,82.7,50.6
852,38,1,5.0,2.8,6.1,6.1,5.0,75.8,86.6
853,38,2,6.2,4.9,5.0,3.4,4.9,70.1,71.5
854,38,3,6.2,4.0,4.7,6.5,5.3,94.1,64.6
855,38,4,6.9,5.3,6.1,6.8,6.3,69.8,52.9
856,38,5,6.3,3.9,6.9,2.6,4.9,72.3,77.9
857,38,6,1.5,2.5,4.4,1.3,2.4,78.8,86.3
858,38,7,5.1,6.4,3.0,4.0,4.6,78.1,93.8
859,38,8,2.9,5.6,4.8,6.5,5.0,62.3,71.1
860,38,9,2.4,6.7,4.5,5.4,4.8,85.7,60.9
861,38,10,3.9,5.9,4.1,5.7,4.9,65.8,95.2
862,38,11,4.8,1.1,3.5,5.6,3.8,89.3,80.3
863,38,12,1.8,7.0,4.8,5.4,4.8,77.0,55.0
864,38,13,5.5,5.4,4.9,6.1,5.5,69.2,86.6
865,38,14,6.9,3.8,3.0,6.7,5.1,68.9,59.0
866,38,15,6.7,4.5,1.3,3.8,4.1,85.9,85.0
867,38,16,1.1,1.6,1.3,1.9,1.5,80.4,84.4
868,38,17,6.5,3.9,3.6,5.1,4.8,64.3,90.1
869,38,18,5.3,3.2,1.7,2.8,3.2,99.0,88.6
870,38,19,4.7,5.2,3.9,2.2,4.0,67.2,61.3
871,38,20,5.2,4.0,2.3,4.8,4.1,80.0,56.4
872,38,21,1.1,6.0,3.6,5.5,4.0,66.6,64.5
873,38,22,4.9,5.4,1.3,4.2,4.0,65.8,98.2
874,38,23,5.0,5.1,1.5,2.1,3.4,75.5,71.2
875,39,1,3.6,5.4,1.6,5.6,4.0,75.4,59.4
876,39,2,2.4,3.8,3.1,5.8,3.8,97.4,66.7
877,39,3,5.3,6.4,5.2,4.4,5.3,67.4,52.5
878,39,4,1.7,1.6,6.8,4.7,3.7,63.4,81.0
879,39,5,6.4,4.6,5.6,5.5,5.5,85.9,84.4
880,39,6,4.6,6.3,5.2,3.8,5.0,76.8,68.2
881,39,7,5.6,3.3,6.1,6.5,5.4,97.0,66.6
882,39,8,4.2,2.0,3.3,6.9,4.1,83.9,55.3
883,39,9,2.9,4.1,4.3,1.9,3.3,70.9,65.6
884,39,10,3.7,2.7,1.5,4.7,3.2,93.3,73.1
885,39,11,2.8,6.4,7.0,3.8,5.0,80.4,96.3
886,39,12,6.4,6.7,3.8,1.2,4.5,88.9,83.4
887,39,13,6.6,6.6,1.5,6.4,5.3,95.2,72.1
888,39,14,1.4,5.4,1.7,4.9,3.4,91.3,50.4
889,39,15,3.2,5.1,5.1,5.4,4.7,78.8,57.2
890,39,16,2.1,4.5,1.6,6.6,3.7,96.6,81.6
891,39,17,4.0,3.0,5.7,5.6,4.6,90.3,58.7
892,39,18,6.9,2.4,2.8,6.3,4.6,85.2,54.5
893,39,19,5.7,1.6,7.0,4.3,4.7,97.7,90.1
894,39,20,5.0,1.5,6.8,4.9,4.5,93.2,62.4
895,39,21,4.8,3.3,1.9,6.6,4.1,96.4,97.9
896,39,22,1.6,2.9,6.8,4.2,3.9,82.4,87.0
897,39,23,3.1,5.8,5.2,3.3,4.3,65.1,65.5
898,40,1,2.9,1.4,1.2,2.7,2.0,99.7,91.6
899,40,2,2.8,2.8,4.3,2.9,3.2,96.2,55.8
900,40,3,5.5,3.6,5.1,1.5,3.9,68.8,51.3
901,40,4,2.5,5.8,5.1,2.7,4.0,97.9,87.5
902,40,5,3.8,6.9,3.3,7.0,5.2,93.7,99.1
903,40,6,1.6,7.0,2.6,4.6,4.0,84.5,79.2
904,40,7,1.2,6.7,4.0,1.7,3.4,93.3,62.8
905,40,8,1.0,2.3,6.3,3.3,3.2,63.9,51.9
906,40,9,6.6,5.6,3.4,2.3,4.5,70.9,78.0
907,40,10,4.9,4.1,6.7,4.7,5.1,99.8,86.5
908,40,11,6.8,3.3,2.9,4.1,4.3,69.9,56.4
909,40,12,3.2,4.8,5.9,3.8,4.4,82.9,92.4
910,40,13,6.3,4.4,5.9,4.6,5.3,65.3,73.5
911,40,14,1.1,5.5,6.4,3.2,4.0,70.5,52.0
912,40,15,4.9,3.4,1.4,2.8,3.1,66.0,50.4
913,40,16,6.9,5.2,4.0,6.0,5.5,79.8,91.5
914,40,17,5.5,3.8,2.3,3.9,3.9,77.3,75.9
915,40,18,1.8,6.1,2.3,3.2,3.4,69.7,98.8
916,40,19,1.8,2.9,3.2,4.6,3.1,92.4,64.8
917,40,20,1.7,5.1,1.5,4.0,3.1,87.0,78.5
918,40,21,5.0,6.4,4.4,1.3,4.3,78.9,54.0
919,40,22,3.4,3.2,6.0,2.1,3.7,65.7,93.6
920,40,23,5.4,5.6,6.4,5.6,5.8,95.8,62.4
921,41,1,2.3,3.1,3.9,5.5,3.7,81.8,86.0
922,41,2,4.2,1.9,2.9,6.9,4.0,85.3,64.9
923,41,3,2.4,4.8,1.8,6.7,3.9,61.6,60.0
924,41,4,3.0,3.5,4.0,5.8,4.1,74.8,64.2
925,41,5,3.7,1.2,6.8,4.0,3.9,94.5,79.6
926,41,6,3.4,5.3,5.5,4.4,4.7,82.1,60.0
927,41,7,5.0,1.9,2.5,1.2,2.6,65.6,96.5
928,41,8,4.7,5.3,1.3,6.8,4.5,69.6,80.1
929,41,9,3.7,7.0,6.0,3.8,5.1,83.7,74.2
930,41,10,4.3,5.2,4.9,1.4,4.0,90.6,94.8
931,41,11,2.9,1.5,1.9,3.8,2.5,90.1,68.2
932,41,12,3.0,5.9,6.7,1.3,4.2,70.2,94.4
933,41,13,5.7,3.7,3.7,1.3,3.6,67.4,97.6
934,41,14,2.8,2.0,1.7,4.8,2.8,79.3,76.2
935,41,15,5.9,2.3,4.3,2.5,3.8,65.0,85.8
936,41,16,3.4,6.3,1.3,6.7,4.4,61.4,56.3
937,41,17,7.0,1.4,4.2,2.0,3.6,92.5,76.4
938,41,18,5.6,6.4,5.3,4.4,5.4,91.4,65.9
939,41,19,1.1,1.4,3.4,1.8,1.9,67.9,64.0
940,41,20,3.7,1.6,2.1,5.0,3.1,99.3,82.0
941,41,21,4.8,1.1,5.8,2.5,3.5,66.1,89.4
942,41,22,2.8,3.3,6.1,5.3,4.4,88.4,95.8
943,41,23,2.8,4.1,6.2,6.8,5.0,84.2,89.8
944,42,1,1.1,3.3,6.9,2.8,3.5,67.5,72.1
945,42,2,1.2,4.6,3.8,2.9,3.1,68.3,99.1
946,42,3,6.6,3.7,4.1,1.1,3.9,95.2,95.3
947,42,4,5.7,1.7,1.3,4.6,3.3,77.6,64.5
948,42,5,2.9,3.0,6.8,2.7,3.9,83.0,76.7
949,42,6,6.5,5.0,1.9,4.3,4.4,68.5,85.4
950,42,7,1.8,4.8,2.8,3.0,3.1,70.1,54.1
951,42,8,5.0,6.9,3.6,3.2,4.7,94.6,90.3
952,42,9,4.2,5.7,3.0,3.0,4.0,82.9,70.6
953,42,10,5.3,3.7,6.7,3.5,4.8,98.3,94.3
954,42,11,3.8,5.4,2.8,5.3,4.3,93.6,56.3
955,42,12,1.2,4.9,4.0,5.7,4.0,69.5,78.1
956,42,13,1.5,1.2,2.9,1.4,1.8,80.2,67.3
957,42,14,6.6,1.1,3.6,5.0,4.1,60.7,87.3
958,42,15,6.6,4.8,1.1,5.7,4.5,71.0,70.8
959,42,16,1.9,3.4,3.8,2.4,2.9,66.5,58.3
960,42,17,6.9,6.9,5.4,3.9,5.8,95.9,51.4
961,42,18,3.7,2.4,2.3,3.6,3.0,67.9,83.3
962,42,19,4.2,6.4,2.0,2.9,3.9,85.7,71.4
963,42,20,4.3,6.7,6.4,1.2,4.7,95.0,73.2
964,42,21,2.3,4.9,5.8,6.1,4.8,70.4,66.3
965,42,22,1.2,6.0,5.3,6.9,4.8,69.3,66.9
966,42,23,2.2,6.4,6.9,2.4,4.5,64.8,72.6
967,43,1,2.5,6.0,2.0,3.5,3.5,86.8,59.4
968,43,2,2.7,6.5,4.7,3.1,4.2,65.4,64.1
969,43,3,2.9,4.0,3.0,5.3,3.8,94.9,60.7
970,43,4,2.8,5.2,1.9,5.5,3.9,82.2,87.1
971,43,5,2.9,2.1,2.3,3.5,2.7,87.0,71.7
972,43,6,1.9,3.3,1.2,5.7,3.0,63.7,71.5
973,43,7,4.7,6.7,6.9,4.0,5.6,84.5,68.8
974,43,8,1.8,3.1,6.1,2.8,3.4,68.1,53.6
975,43,9,2.3,5.4,3.9,5.3,4.2,95.0,59.7
976,43,10,3.7,3.3,2.1,5.4,3.6,91.8,64.9
977,43,11,3.8,6.3,6.3,4.7,5.3,88.8,87.5
978,43,12,5.1,6.8,1.3,3.7,4.2,89.0,63.0
979,43,13,1.2,4.0,1.0,5.2,2.9,79.8,85.6
980,43,14,4.3,5.1,5.6,2.0,4.2,81.4,83.7
981,43,15,4.8,3.7,6.8,6.6,5.5,70.7,98.9
982,43,16,2.4,5.1,1.2,2.8,2.9,89.6,89.7
983,43,17,3.3,4.5,4.9,6.0,4.7,94.5,54.5
984,43,18,5.9,4.0,2.5,6.3,4.7,63.6,77.1
985,43,19,2.2,2.8,3.6,1.7,2.6,92.0,51.2
986,43,20,3.7,6.5,5.6,4.1,5.0,93.3,62.2
987,43,21,2.9,2.3,1.9,6.7,3.5,72.5,93.0
988,43,22,5.9,5.5,4.4,3.5,4.8,68.8,72.0
989,43,23,1.4,4.0,2.9,3.0,2.8,88.2,50.9
990,44,1,3.6,3.3,2.9,3.3,3.3,80.6,96.8
991,44,2,4.6,1.7,3.1,4.8,3.5,95.3,51.7
992,44,3,5.5,3.2,6.7,1.3,4.2,77.6,72.7
993,44,4,1.2,3.7,2.3,1.9,2.3,68.6,93.8
994,44,5,2.1,2.2,4.7,2.8,3.0,76.8,67.2
995,44,6,4.6,2.3,6.2,4.7,4.5,80.8,57.7
996,44,7,1.9,6.0,1.6,1.0,2.6,68.6,73.9
997,44,8,1.3,5.6,4.8,2.3,3.5,97.5,62.0
998,44,9,3.3,6.8,5.7,3.8,4.9,63.0,90.5
999,44,10,2.5,5.1,3.3,3.9,3.7,96.3,83.6
1000,44,11,3.9,6.2,2.4,2.9,3.9,91.4,72.9
1001,44,12,3.0,6.9,1.6,2.9,3.6,98.3,66.8
1002,44,13,1.5,4.4,5.6,1.2,3.2,70.6,67.7
1003,44,14,4.7,4.1,1.1,5.7,3.9,64.8,79.5
1004,44,15,6.5,4.5,3.2,1.2,3.9,61.6,57.0
1005,44,16,3.7,4.7,5.9,5.8,5.0,88.0,88.3
1006,44,17,3.7,2.9,1.5,3.2,2.8,67.8,90.4
1007,44,18,3.0,4.9,3.5,1.6,3.2,66.2,57.7
1008,44,19,1.5,4.3,2.7,2.7,2.8,87.6,73.7
1009,44,20,2.6,2.4,1.7,1.3,2.0,92.6,73.2
1010,44,21,4.7,6.3,4.2,4.9,5.0,70.2,90.1
1011,44,22,5.7,5.1,5.3,4.2,5.1,63.4,77.8
1012,44,23,2.8,6.5,4.1,6.4,5.0,95.4,97.5
1013,45,1,2.5,6.7,4.6,2.6,4.1,70.3,51.5
1014,45,2,4.0,6.0,4.0,4.3,4.6,79.6,96.3
1015,45,3,7.0,6.4,4.7,2.2,5.1,70.9,77.1
1016,45,4,5.7,6.1,4.4,2.5,4.7,87.3,99.3
1017,45,5,2.7,2.9,4.1,2.6,3.1,84.2,73.8
1018,45,6,6.2,2.8,1.9,5.9,4.2,61.3,60.9
1019,45,7,1.2,1.1,6.6,6.1,3.8,64.4,99.5
1020,45,8,4.5,3.1,6.9,6.0,5.1,96.2,63.3
1021,45,9,6.8,5.7,7.0,5.4,6.2,69.5,82.2
1022,45,10,3.5,2.0,4.0,6.9,4.1,83.4,92.5
1023,45,11,6.5,6.8,3.3,3.4,5.0,92.5,78.8
1024,45,12,6.6,3.5,1.6,5.3,4.2,88.0,59.1
1025,45,13,6.9,3.0,4.1,2.8,4.2,63.8,86.0
1026,45,14,2.1,6.1,2.1,2.1,3.1,87.8,96.5
1027,45,15,2.9,5.0,2.8,3.8,3.6,70.7,97.5
1028,45,16,5.7,4.8,6.7,5.0,5.5,69.0,72.7
1029,45,17,3.5,5.6,2.7,1.2,3.2,72.7,64.0
1030,45,18,1.1,6.2,4.1,4.1,3.9,82.5,59.1
1031,45,19,1.5,1.5,6.8,6.9,4.2,71.4,84.7
1032,45,20,6.6,5.5,2.2,6.0,5.1,83.4,85.7
1033,45,21,1.6,5.8,4.4,2.6,3.6,73.3,80.4
1034,45,22,6.8,6.5,6.3,6.2,6.5,95.1,95.9
1035,45,23,4.4,5.2,4.0,1.3,3.7,67.1,70.3
1036,46,1,6.1,4.5,1.5,6.3,4.6,79.3,69.4
1037,46,2,5.8,1.5,4.2,6.0,4.4,79.6,88.5
1038,46,3,2.8,4.6,2.2,6.6,4.0,62.3,52.6
1039,46,4,5.7,5.6,1.9,5.5,4.7,84.8,88.0
1040,46,5,3.4,2.7,4.1,3.8,3.5,91.7,80.3
1041,46,6,4.9,6.6,4.4,1.0,4.2,73.1,76.2
1042,46,7,5.0,3.6,5.3,3.0,4.2,91.3,79.7
1043,46,8,6.5,6.8,2.6,2.4,4.6,92.7,69.2
1044,46,9,4.0,6.3,5.8,6.5,5.7,86.8,61.7
1045,46,10,4.1,3.5,2.3,4.0,3.5,87.3,62.4
1046,46,11,1.5,3.6,4.4,5.3,3.7,85.3,82.1
1047,46,12,2.8,5.0,3.0,2.3,3.3,60.7,64.7
1048,46,13,1.4,5.2,4.1,6.9,4.4,81.0,73.1
1049,46,14,5.0,5.1,6.7,3.9,5.2,89.9,51.2
1050,46,15,3.0,1.8,6.0,1.0,3.0,83.1,66.7
1051,46,16,3.5,6.0,2.2,1.0,3.2,75.5,97.0
1052,46,17,2.1,5.9,4.8,1.7,3.6,65.4,81.7
1053,46,18,5.9,1.6,3.5,6.8,4.5,64.6,84.8
1054,46,19,6.4,5.1,4.6,3.0,4.8,88.4,90.2
1055,46,20,5.1,1.9,4.9,6.9,4.7,99.9,52.4
1056,46,21,5.3,5.9,2.9,2.7,4.2,83.6,98.0
1057,46,22,3.0,4.5,2.8,2.1,3.1,67.6,65.2
1058,46,23,5.0,4.6,5.5,2.7,4.5,68.0,89.5
1059,47,1,6.2,1.1,4.9,6.0,4.5,94.8,77.7
1060,47,2,6.6,5.1,1.7,5.2,4.6,63.4,93.6
1061,47,3,6.5,4.9,1.2,1.8,3.6,98.1,90.4
1062,47,4,4.2,2.6,3.9,2.4,3.3,60.8,80.5
1063,47,5,4.5,3.9,2.1,1.3,3.0,60.9,60.6
1064,47,6,1.7,6.2,4.2,3.4,3.9,88.1,90.2
1065,47,7,1.5,1.7,2.9,4.5,2.6,90.5,71.0
1066,47,8,5.8,5.5,4.9,3.0,4.8,79.4,66.3
1067,47,9,3.1,1.0,2.4,4.8,2.8,92.0,94.3
1068,47,10,2.5,6.6,1.9,3.9,3.7,88.8,63.8
1069,47,11,5.3,5.6,3.3,4.2,4.6,73.0,58.4
1070,47,12,5.3,2.3,1.5,2.4,2.9,78.6,94.3
1071,47,13,6.2,3.0,3.8,5.9,4.7,63.3,94.9
1072,47,14,5.7,6.9,4.7,2.9,5.0,83.7,78.4
1073,47,15,4.5,4.0,5.5,6.1,5.0,92.1,83.8
1074,47,16,3.6,1.2,3.4,2.5,2.7,94.6,89.2
1075,47,17,6.0,1.4,1.8,5.4,3.6,84.6,89.9
1076,47,18,2.5,5.1,4.1,6.2,4.5,78.9,85.8
1077,47,19,2.4,6.9,4.4,3.0,4.2,67.4,75.9
1078,47,20,6.7,2.3,5.0,5.3,4.8,63.5,57.7
1079,47,21,5.3,3.3,5.8,5.0,4.8,81.9,86.0
1080,47,22,5.1,5.8,4.7,5.1,5.2,62.8,86.8
1081,47,23,6.1,5.6,3.6,1.7,4.2,75.8,56.7
1082,48,1,5.6,1.3,2.3,3.3,3.1,78.4,90.7
1083,48,2,5.4,5.2,3.1,4.2,4.5,60.7,68.1
1084,48,3,1.0,3.1,2.6,6.9,3.4,94.4,87.7
1085,48,4,1.1,5.6,1.5,5.8,3.5,78.7,57.7
1086,48,5,1.6,5.8,3.8,3.6,3.7,81.2,90.3
1087,48,6,4.9,6.6,5.6,2.6,4.9,87.3,80.7
1088,48,7,6.7,1.0,3.6,1.8,3.3,78.2,78.1
1089,48,8,6.7,3.2,1.4,5.2,4.1,98.0,87.2
1090,48,9,6.7,6.7,5.5,5.3,6.0,70.4,59.3
1091,48,10,3.9,3.5,1.8,4.4,3.4,89.8,97.9
1092,48,11,5.8,4.2,4.2,1.3,3.9,71.8,63.1
1093,48,12,4.3,4.2,2.8,5.8,4.3,83.8,52.6
1094,48,13,2.0,6.8,5.9,2.0,4.2,99.1,94.8
1095,48,14,3.8,1.2,5.8,1.4,3.0,95.2,52.6
1096,48,15,5.6,6.2,5.5,3.6,5.2,94.5,84.2
1097,48,16,3.9,1.8,2.1,4.9,3.2,72.6,64.4
1098,48,17,6.4,5.4,2.4,6.8,5.2,69.3,67.8
1099,48,18,3.6,4.0,2.0,3.9,3.4,73.3,95.0
1100,48,19,5.9,6.2,3.7,3.3,4.8,70.1,69.2
1101,48,20,2.0,4.7,6.8,5.2,4.7,84.4,83.4
1102,48,21,4.4,1.3,6.8,5.7,4.5,71.5,75.7
1103,48,22,6.0,5.2,7.0,2.6,5.2,72.2,79.7
1104,48,23,5.1,5.6,2.2,3.2,4.0,89.3,53.8
1105,49,1,6.7,1.0,2.9,6.6,4.3,99.7,89.3
1106,49,2,7.0,6.7,1.1,3.1,4.5,62.2,52.6
1107,49,3,3.4,2.4,3.6,6.1,3.9,79.1,67.0
1108,49,4,3.1,4.6,5.9,3.2,4.2,84.2,88.5
1109,49,5,4.0,2.7,4.4,2.1,3.3,96.5,58.8
1110,49,6,3.4,4.2,3.9,6.9,4.6,69.1,95.5
1111,49,7,6.0,5.8,3.2,3.7,4.7,95.0,73.5
1112,49,8,4.7,6.7,2.3,1.7,3.9,90.5,71.7
1113,49,9,6.8,2.9,3.1,3.0,4.0,75.3,92.5
1114,49,10,4.0,3.1,3.3,1.4,3.0,94.2,68.4
1115,49,11,4.1,1.2,2.1,4.0,2.9,83.9,50.1
1116,49,12,1.9,1.2,1.1,3.0,1.8,83.6,63.2
1117,49,13,2.0,6.0,3.5,2.0,3.4,77.7,98.2
1118,49,14,6.9,4.4,3.7,6.8,5.5,65.7,97.5
1119,49,15,6.3,6.3,3.6,3.3,4.9,69.4,73.6
1120,49,16,2.9,1.3,6.5,3.9,3.6,80.7,61.3
1121,49,17,3.5,1.4,6.2,5.9,4.2,70.0,79.9
1122,49,18,1.5,6.6,4.7,1.6,3.6,89.6,55.1
1123,49,19,4.8,3.0,6.6,2.0,4.1,73.7,91.6
1124,49,20,6.3,5.7,4.5,5.6,5.5,86.6,83.2
1125,49,21,4.7,6.4,5.2,2.7,4.8,76.9,67.4
1126,49,22,1.9,4.5,5.1,2.5,3.5,86.4,64.3
1127,49,23,3.1,6.6,3.0,3.1,4.0,74.2,80.2
1128,50,1,5.8,7.0,6.9,6.8,6.6,75.8,66.6
1129,50,2,3.6,3.3,2.8,5.9,3.9,76.6,92.4
1130,50,3,2.4,5.5,5.4,3.2,4.1,98.7,82.6
1131,50,4,2.0,1.7,2.5,4.8,2.8,97.8,62.0
1132,50,5,3.4,4.0,2.0,5.8,3.8,81.0,74.4
1133,50,6,6.7,2.9,6.5,3.2,4.8,72.9,62.4
1134,50,7,2.9,2.7,1.2,4.7,2.9,81.2,64.0
1135,50,8,1.4,2.5,1.1,6.2,2.8,73.2,83.6
1136,50,9,6.0,6.1,5.4,6.7,6.0,99.0,74.3
1137,50,10,5.8,5.2,3.0,7.0,5.2,63.7,52.9
1138,50,11,3.8,1.5,3.5,5.0,3.5,76.3,87.8
1139,50,12,1.2,5.5,3.6,2.5,3.2,81.2,50.1
1140,50,13,3.2,3.6,2.1,4.2,3.3,66.9,98.9
1141,50,14,3.1,1.0,4.8,6.6,3.9,62.5,96.1
1142,50,15,5.1,1.6,4.3,2.0,3.2,73.9,72.0
1143,50,16,3.5,2.9,1.5,5.6,3.4,97.1,66.6
1144,50,17,5.5,2.3,3.6,2.9,3.6,79.2,98.3
1145,50,18,5.0,1.6,5.0,1.6,3.3,81.5,81.9
1146,50,19,3.4,1.9,6.2,4.4,4.0,91.1,58.3
1147,50,20,6.0,3.4,2.8,6.3,4.6,72.4,87.6
1148,50,21,5.7,6.2,5.5,2.8,5.0,92.1,88.5
1149,50,22,5.7,3.6,1.3,1.7,3.1,91.2,69.2
1150,50,23,4.3,5.2,1.4,5.2,4.0,69.9,73.5
1151,51,1,4.6,1.5,4.3,3.9,3.6,62.8,62.6
1152,51,2,5.2,3.8,5.5,3.9,4.6,72.1,93.2
1153,51,3,3.0,3.5,5.8,6.9,4.8,69.9,99.8
1154,51,4,3.9,2.1,1.7,1.6,2.3,64.4,58.9
1155,51,5,2.1,4.4,4.3,6.1,4.2,68.9,93.2
1156,51,6,6.6,3.0,2.4,1.4,3.3,60.6,69.3
1157,51,7,2.7,3.7,6.0,5.5,4.5,92.0,91.4
1158,51,8,6.3,6.4,4.8,5.1,5.7,62.3,90.2
1159,51,9,5.5,2.2,6.7,1.4,4.0,60.2,54.9
1160,51,10,1.3,1.2,5.8,2.2,2.6,71.9,68.2
1161,51,11,5.7,4.6,1.5,4.0,4.0,68.6,80.4
1162,51,12,3.9,1.0,6.3,3.4,3.6,71.1,91.6
1163,51,13,1.1,6.9,4.1,2.7,3.7,96.4,63.5
1164,51,14,4.1,5.3,1.7,4.3,3.8,62.0,94.1
1165,51,15,4.1,2.2,4.7,3.3,3.6,66.8,73.1
1166,51,16,4.1,3.5,6.5,6.8,5.2,95.7,96.8
1167,51,17,5.8,2.2,4.7,5.8,4.6,70.3,86.2
1168,51,18,2.0,2.3,2.3,3.5,2.5,79.3,62.0
1169,51,19,6.8,7.0,5.2,3.7,5.7,67.2,60.5
1170,51,20,1.1,5.2,1.8,1.8,2.5,74.8,55.4
1171,51,21,2.2,4.9,4.7,6.8,4.7,71.9,54.0
1172,51,22,6.2,2.2,4.7,4.7,4.5,79.0,80.1
1173,51,23,3.1,5.8,2.2,6.7,4.5,73.5,97.0
1174,52,1,4.0,5.2,6.6,4.2,5.0,71.0,54.7
1175,52,2,4.9,2.8,6.2,1.9,4.0,89.9,95.3
1176,52,3,1.3,3.6,3.5,3.2,2.9,81.2,90.2
1177,52,4,2.6,4.8,6.4,4.6,4.6,74.1,94.2
1178,52,5,6.7,1.8,1.2,2.0,2.9,62.2,76.8
1179,52,6,5.0,2.8,6.9,3.3,4.5,81.7,78.0
1180,52,7,5.4,4.8,3.7,2.0,4.0,96.2,91.9
1181,52,8,4.5,1.8,1.8,1.1,2.3,93.7,98.5
1182,52,9,4.0,5.6,1.4,4.1,3.8,66.2,91.2
1183,52,10,1.5,4.7,1.1,3.0,2.6,64.7,72.2
1184,52,11,6.0,4.3,5.9,2.5,4.7,64.7,97.5
1185,52,12,3.7,5.8,6.9,3.2,4.9,89.8,68.4
1186,52,13,1.8,2.6,3.3,4.2,3.0,76.7,98.7
1187,52,14,1.6,2.8,3.7,2.0,2.5,62.4,56.2
1188,52,15,6.6,4.7,5.4,1.2,4.5,61.5,75.0
1189,52,16,4.0,3.4,6.7,5.1,4.8,94.6,71.9
1190,52,17,5.0,1.3,3.5,6.0,4.0,92.5,76.8
1191,52,18,5.9,1.0,3.6,3.1,3.4,66.8,51.7
1192,52,19,5.8,5.5,6.7,5.3,5.8,88.1,86.2
1193,52,20,6.2,5.9,4.5,5.5,5.5,61.3,68.9
1194,52,21,4.8,3.0,3.4,5.6,4.2,82.7,62.6
1195,52,22,6.7,3.8,4.3,1.9,4.2,85.5,86.8
1196,52,23,6.1,3.4,3.6,6.3,4.8,95.1,57.4
1197,53,1,3.2,5.6,3.8,1.1,3.4,80.3,53.2
1198,53,2,6.4,5.6,5.1,1.3,4.6,64.2,66.6
1199,53,3,4.8,5.1,4.9,2.3,4.3,95.4,95.4
1200,53,4,3.3,4.8,6.2,5.2,4.9,92.7,89.8
1201,53,5,4.5,3.3,4.3,4.8,4.2,97.4,62.3
1202,53,6,4.3,5.7,2.1,2.1,3.5,93.9,63.1
1203,53,7,3.5,4.6,5.2,2.8,4.0,63.9,53.6
1204,53,8,6.7,3.3,6.4,6.7,5.8,77.5,88.5
1205,53,9,2.1,6.1,5.5,6.4,5.0,83.2,51.8
1206,53,10,1.2,2.4,3.8,3.6,2.8,80.5,89.9
1207,53,11,4.1,5.3,4.3,2.2,4.0,77.7,94.4
1208,53,12,3.5,6.0,5.7,2.5,4.4,87.1,83.6
1209,53,13,2.1,5.6,5.9,3.2,4.2,76.2,61.5
1210,53,14,2.8,2.0,3.4,3.1,2.8,83.4,99.0
1211,53,15,6.1,1.4,3.3,5.2,4.0,60.1,54.3
1212,53,16,5.6,1.8,5.6,3.0,4.0,65.0,86.9
1213,53,17,4.3,2.3,4.5,5.0,4.0,67.4,79.8
1214,53,18,5.1,4.7,2.5,1.5,3.5,71.3,92.6
1215,53,19,2.9,1.6,2.3,3.5,2.6,83.1,97.3
1216,53,20,2.6,2.9,2.5,1.7,2.4,76.4,94.2
1217,53,21,6.9,4.0,5.1,6.8,5.7,79.2,51.8
1218,53,22,3.1,2.7,4.2,1.4,2.9,83.7,78.4
1219,53,23,5.0,2.1,3.3,2.4,3.2,62.6,68.2
1220,54,1,5.9,2.3,4.7,6.5,4.8,72.8,97.6
1221,54,2,6.0,1.6,1.3,5.9,3.7,64.1,57.5
1222,54,3,4.2,4.5,1.5,1.2,2.9,80.5,72.2
1223,54,4,2.3,4.3,2.4,4.7,3.4,83.0,94.6
1224,54,5,1.2,4.8,5.1,1.2,3.1,81.5,51.1
1225,54,6,3.0,1.3,4.3,3.5,3.0,88.8,52.3
1226,54,7,2.2,2.2,2.3,1.3,2.0,92.1,84.6
1227,54,8,5.6,6.7,2.0,5.1,4.8,94.2,95.7
1228,54,9,4.6,3.7,5.3,6.2,5.0,72.2,54.6
1229,54,10,5.4,5.5,4.1,6.1,5.3,82.7,89.8
1230,54,11,1.9,6.2,5.4,6.3,5.0,70.8,56.2
1231,54,12,2.6,6.9,1.1,4.3,3.7,95.6,92.7
1232,54,13,2.0,5.3,4.4,2.9,3.6,67.6,67.4
1233,54,14,1.9,2.9,4.4,4.0,3.3,80.6,88.4
1234,54,15,5.9,4.6,1.3,6.8,4.7,60.8,77.3
1235,54,16,2.1,5.3,6.2,6.7,5.1,75.1,85.1
1236,54,17,1.4,6.0,2.2,2.9,3.1,95.7,99.8
1237,54,18,3.5,3.4,2.9,2.7,3.1,99.2,62.3
1238,54,19,4.9,6.5,3.9,5.2,5.1,89.0,87.6
1239,54,20,3.4,5.5,2.4,3.8,3.8,76.2,59.2
1240,54,21,5.3,7.0,2.8,2.5,4.4,88.7,92.5
1241,54,22,2.4,3.4,5.1,6.4,4.3,67.8,55.9
1242,54,23,5.7,2.5,6.5,1.4,4.0,80.5,75.7
1243,55,1,2.5,3.2,5.7,3.1,3.6,98.1,95.3
1244,55,2,1.7,3.4,3.9,6.8,3.9,73.1,82.6
1245,55,3,4.6,5.9,1.2,2.4,3.5,60.7,50.7
1246,55,4,4.1,1.1,1.7,6.1,3.2,68.7,67.9
1247,55,5,2.8,2.9,6.3,3.6,3.9,74.6,59.9
1248,55,6,1.1,1.4,5.6,3.1,2.8,96.2,69.6
1249,55,7,5.0,3.7,1.8,2.3,3.2,77.3,52.8
1250,55,8,1.6,5.2,3.1,5.7,3.9,80.3,63.6
1251,55,9,6.1,4.5,5.8,5.5,5.5,89.6,65.0
1252,55,10,2.9,6.7,5.4,6.8,5.5,62.5,78.8
1253,55,11,3.7,2.4,3.5,6.1,3.9,66.7,61.6
1254,55,12,3.8,5.7,3.4,4.8,4.4,68.4,84.9
1255,55,13,1.3,1.7,6.4,3.8,3.3,76.7,77.9
1256,55,14,5.9,2.1,2.1,5.3,3.9,99.0,91.3
1257,55,15,2.3,4.5,5.0,6.3,4.5,93.1,74.4
1258,55,16,4.8,1.9,3.8,2.7,3.3,90.0,99.8
1259,55,17,5.3,3.7,2.9,1.5,3.4,88.6,77.9
1260,55,18,2.1,4.0,2.6,6.6,3.8,83.5,63.6
1261,55,19,6.3,6.8,6.6,3.4,5.8,60.1,99.6
1262,55,20,1.6,5.4,1.6,3.3,3.0,60.4,82.6
1263,55,21,3.2,4.0,4.0,3.4,3.6,68.4,63.3
1264,55,22,5.2,4.0,3.5,3.8,4.1,76.2,61.0
1265,55,23,5.8,6.8,5.9,3.2,5.4,94.4,87.4
1266,56,1,6.5,4.2,4.9,2.7,4.6,69.5,52.3
1267,56,2,4.0,4.7,7.0,2.1,4.5,97.6,79.8
1268,56,3,3.1,5.9,6.7,3.7,4.9,87.4,61.2
1269,56,4,3.8,2.3,3.4,2.2,2.9,65.6,98.1
1270,56,5,4.5,4.7,5.9,2.1,4.3,76.2,50.0
1271,56,6,4.0,5.1,2.7,5.4,4.3,84.0,57.8
1272,56,7,4.8,4.2,6.8,4.8,5.2,73.8,80.4
1273,56,8,1.8,4.1,3.0,3.2,3.0,91.2,50.5
1274,56,9,3.4,6.3,1.6,1.7,3.2,94.8,52.6
1275,56,10,6.4,6.9,5.4,1.1,5.0,92.4,60.6
1276,56,11,6.9,2.8,5.1,4.2,4.8,97.3,68.0
1277,56,12,3.5,5.0,1.1,1.6,2.8,72.1,52.6
1278,56,13,3.1,1.1,6.2,3.1,3.4,80.3,98.0
1279,56,14,2.7,6.0,6.6,5.2,5.1,71.1,64.9
1280,56,15,5.6,5.7,4.2,3.1,4.7,64.5,96.7
1281,56,16,6.3,7.0,1.7,3.8,4.7,62.2,82.3
1282,56,17,5.8,3.1,3.0,5.7,4.4,78.7,96.3
1283,56,18,3.7,2.1,3.8,3.1,3.2,63.0,73.6
1284,56,19,1.1,4.2,1.0,5.8,3.0,83.6,92.6
1285,56,20,3.0,3.8,5.1,4.0,4.0,69.4,73.6
1286,56,21,2.7,1.4,4.5,3.0,2.9,99.3,59.2
1287,56,22,6.9,3.0,2.6,3.6,4.0,85.7,62.1
1288,56,23,4.1,1.9,2.1,3.1,2.8,73.2,59.3
1289,57,1,5.5,3.3,1.5,2.6,3.2,69.9,52.6
1290,57,2,5.4,6.8,6.7,1.8,5.2,60.4,90.9
1291,57,3,3.4,2.7,6.1,5.7,4.5,98.7,96.2
1292,57,4,2.3,6.0,4.4,5.8,4.6,90.6,84.6
1293,57,5,1.1,3.7,5.4,7.0,4.3,69.6,90.1
1294,57,6,6.0,6.1,6.4,1.9,5.1,73.4,96.6
1295,57,7,6.6,2.6,4.1,3.1,4.1,99.1,82.2
1296,57,8,6.7,6.1,5.4,3.9,5.5,67.5,79.2
1297,57,9,3.6,4.4,3.0,1.6,3.2,87.4,86.0
1298,57,10,6.1,4.3,5.8,3.5,4.9,79.1,64.6
1299,57,11,6.5,2.2,5.0,1.2,3.7,82.8,81.1
1300,57,12,1.7,2.0,5.3,6.5,3.9,94.9,58.7
1301,57,13,4.2,2.4,3.9,1.9,3.1,83.6,66.8
1302,57,14,2.1,4.8,7.0,5.7,4.9,63.7,73.3
1303,57,15,6.9,5.6,2.9,1.3,4.2,76.3,76.6
1304,57,16,4.7,6.8,4.5,2.1,4.5,78.2,82.4
1305,57,17,2.6,4.4,5.7,2.6,3.8,87.3,71.6
1306,57,18,4.8,2.7,6.7,3.3,4.4,72.8,53.8
1307,57,19,3.2,3.9,3.8,3.8,3.7,97.5,64.9
1308,57,20,5.5,6.3,2.0,6.6,5.1,79.6,85.4
1309,57,21,1.5,5.7,2.3,4.6,3.5,61.1,94.9
1310,57,22,6.6,6.7,5.3,1.2,5.0,64.3,62.2
1311,57,23,4.1,5.9,6.5,3.0,4.9,64.0,58.1
1312,58,1,3.2,5.8,1.8,5.6,4.1,92.8,82.3
1313,58,2,3.9,5.8,6.4,5.9,5.5,99.2,99.3
1314,58,3,1.5,2.7,6.7,1.9,3.2,77.0,84.7
1315,58,4,2.1,6.5,6.0,5.8,5.1,91.4,72.2
1316,58,5,5.6,2.4,6.2,3.5,4.4,76.3,65.2
1317,58,6,4.7,5.0,2.4,3.4,3.9,78.4,64.7
1318,58,7,3.8,4.8,5.2,5.9,4.9,80.9,65.7
1319,58,8,4.2,4.7,6.4,6.3,5.4,85.1,92.8
1320,58,9,2.9,6.2,2.9,3.1,3.8,84.7,58.7
1321,58,10,1.6,4.9,1.8,2.3,2.6,89.1,99.0
1322,58,11,3.9,4.1,4.5,2.0,3.6,77.6,63.9
1323,58,12,5.1,6.2,3.1,5.6,5.0,61.5,97.8
1324,58,13,3.0,2.3,1.9,3.2,2.6,69.9,76.4
1325,58,14,1.8,4.5,2.6,4.6,3.4,71.0,77.1
1326,58,15,4.7,4.5,1.3,1.7,3.0,84.4,84.3
1327,58,16,4.7,3.2,2.8,4.1,3.7,93.4,99.9
1328,58,17,6.1,4.8,3.2,2.3,4.1,72.5,84.3
1329,58,18,3.6,3.6,4.0,5.2,4.1,91.3,90.5
1330,58,19,4.1,4.4,6.7,2.1,4.3,96.1,89.0
1331,58,20,4.2,1.0,3.4,3.4,3.0,60.4,86.2
1332,58,21,4.6,5.9,2.6,4.2,4.3,92.2,57.5
1333,58,22,3.8,6.8,1.5,2.5,3.6,72.1,53.4
1334,58,23,6.4,3.9,5.4,5.3,5.2,68.6,63.6
1335,59,1,5.6,6.7,2.0,2.5,4.2,87.6,76.1
1336,59,2,2.2,6.1,4.1,6.8,4.8,84.2,95.8
1337,59,3,3.8,4.9,3.5,3.5,3.9,81.3,61.9
1338,59,4,4.8,5.7,5.5,4.7,5.2,67.8,99.9
1339,59,5,4.5,5.5,6.6,1.6,4.5,79.2,56.2
1340,59,6,1.8,1.9,1.8,4.2,2.4,62.4,62.9
1341,59,7,6.1,5.9,2.6,4.9,4.9,69.2,60.6
1342,59,8,2.3,4.3,2.0,6.9,3.9,92.8,55.0
1343,59,9,1.8,7.0,3.4,6.8,4.8,63.9,95.8
1344,59,10,1.7,2.0,1.7,6.4,3.0,72.6,95.1
1345,59,11,6.8,6.2,4.6,6.5,6.0,74.4,71.0
1346,59,12,3.2,1.5,2.7,5.6,3.2,80.2,51.4
1347,59,13,3.8,6.9,5.0,4.0,4.9,96.8,86.4
1348,59,14,6.3,2.7,2.6,5.2,4.2,92.9,76.6
1349,59,15,5.9,1.0,1.4,5.5,3.5,99.3,90.2
1350,59,16,4.6,5.3,4.3,1.9,4.0,84.7,61.7
1351,59,17,4.2,3.3,5.7,1.4,3.6,64.1,84.1
1352,59,18,4.9,3.2,1.2,4.7,3.5,62.3,64.2
1353,59,19,4.9,1.1,5.1,2.2,3.3,85.5,81.6
1354,59,20,1.3,1.3,3.1,6.5,3.0,94.2,65.2
1355,59,21,5.2,5.5,3.8,1.3,4.0,88.4,63.2
1356,59,22,3.2,2.4,4.9,1.7,3.1,73.7,99.9
1357,59,23,5.9,3.6,5.1,3.3,4.5,91.0,86.9
1358,60,1,5.6,3.7,6.8,3.6,4.9,68.6,69.7
1359,60,2,1.7,7.0,4.3,1.6,3.6,90.9,56.7
1360,60,3,6.7,6.0,5.2,1.4,4.8,78.8,61.5
1361,60,4,4.1,6.9,2.2,3.4,4.2,93.6,99.6
1362,60,5,5.3,6.2,1.5,2.5,3.9,90.6,89.9
1363,60,6,1.2,5.2,4.4,2.6,3.4,96.4,63.7
1364,60,7,2.0,5.9,1.8,5.7,3.9,98.7,53.8
1365,60,8,1.5,3.2,3.3,6.0,3.5,98.1,77.3
1366,60,9,5.8,6.5,7.0,1.6,5.2,87.2,81.2
1367,60,10,4.7,4.3,6.3,2.8,4.5,84.1,82.9
1368,60,11,6.7,5.8,5.0,3.8,5.3,72.7,50.6
1369,60,12,6.8,1.8,1.8,1.7,3.0,74.0,63.6
1370,60,13,2.5,3.1,5.6,6.7,4.5,79.4,60.4
1371,60,14,6.2,4.0,3.0,7.0,5.0,85.8,88.3
1372,60,15,5.3,2.1,6.4,5.1,4.7,96.6,58.0
1373,60,16,6.6,5.9,6.8,1.8,5.3,77.0,56.2
1374,60,17,1.4,4.5,4.4,7.0,4.3,62.6,50.6
1375,60,18,6.7,6.9,3.6,4.8,5.5,82.0,75.1
1376,60,19,2.1,2.7,3.1,3.9,3.0,88.7,87.6
1377,60,20,4.6,3.7,3.7,3.1,3.8,72.8,84.9
1378,60,21,1.9,6.8,3.7,1.7,3.5,75.4,91.9
1379,60,22,4.7,4.1,4.1,1.3,3.5,63.8,57.5
1380,60,23,2.4,2.6,2.5,6.4,3.5,70.3,53.7
1381,61,1,3.4,2.0,5.1,4.5,3.8,65.0,77.5
1382,61,2,2.8,4.8,1.6,1.6,2.7,75.0,78.5
1383,61,3,1.3,3.7,5.5,5.7,4.0,89.9,64.3
1384,61,4,6.2,6.9,3.2,3.6,5.0,98.5,57.4
1385,61,5,6.6,3.6,2.7,2.7,3.9,98.2,78.6
1386,61,6,2.3,5.1,6.1,5.1,4.6,90.5,52.6
1387,61,7,4.3,3.3,3.1,4.1,3.7,74.8,94.0
1388,61,8,2.0,5.6,2.7,3.0,3.3,79.0,81.7
1389,61,9,4.4,2.7,2.4,3.2,3.2,94.9,78.1
1390,61,10,6.9,1.9,1.6,5.8,4.0,73.1,63.6
1391,61,11,1.3,4.5,4.3,4.6,3.7,98.3,75.1
1392,61,12,4.6,1.8,2.7,2.5,2.9,78.2,60.1
1393,61,13,4.2,5.1,4.7,4.3,4.6,64.9,77.5
1394,61,14,3.1,6.1,7.0,5.7,5.5,75.4,63.9
1395,61,15,3.9,5.5,5.4,3.1,4.5,76.4,79.3
1396,61,16,4.8,5.3,5.2,1.4,4.2,70.7,54.6
1397,61,17,2.1,1.6,6.5,5.1,3.8,72.0,72.3
1398,61,18,1.8,3.3,6.3,6.4,4.5,81.1,57.8
1399,61,19,4.1,4.2,4.2,5.1,4.4,73.2,52.7
1400,61,20,1.1,1.5,1.5,4.5,2.1,98.6,91.8
1401,61,21,3.5,3.3,5.2,1.9,3.5,68.9,90.4
1402,61,22,3.1,4.6,4.7,1.8,3.5,89.3,74.9
1403,61,23,5.4,5.0,4.0,4.8,4.8,97.9,56.4
1404,62,1,1.2,1.9,1.7,1.2,1.5,80.1,94.5
1405,62,2,6.2,2.5,1.3,1.9,3.0,97.3,58.8
1406,62,3,6.5,4.7,4.9,1.7,4.5,91.5,55.3
1407,62,4,2.2,1.3,3.5,4.8,3.0,98.5,72.5
1408,62,5,2.3,5.2,2.9,6.6,4.2,67.7,67.6
1409,62,6,4.8,2.5,7.0,4.8,4.8,89.8,76.4
1410,62,7,5.5,5.3,4.2,5.5,5.1,69.9,52.9
1411,62,8,3.6,4.5,5.0,4.2,4.3,63.4,97.3
1412,62,9,6.2,5.3,5.8,3.9,5.3,82.3,99.2
1413,62,10,5.7,2.3,2.6,5.2,4.0,86.3,93.0
1414,62,11,2.6,3.0,6.1,1.2,3.2,73.1,71.7
1415,62,12,6.8,4.6,1.8,6.1,4.8,78.8,85.6
1416,62,13,6.6,2.1,6.5,5.1,5.1,80.7,71.8
1417,62,14,6.0,3.3,5.1,6.1,5.1,77.1,92.7
1418,62,15,4.4,6.8,6.3,2.2,4.9,93.3,67.3
1419,62,16,4.8,6.5,1.6,2.1,3.8,72.8,54.9
1420,62,17,4.9,1.9,2.4,6.9,4.0,78.6,82.6
1421,62,18,7.0,4.3,5.0,3.7,5.0,98.8,54.9
1422,62,19,5.0,3.5,3.6,5.0,4.3,69.6,58.4
1423,62,20,1.9,2.3,5.1,3.0,3.1,86.4,58.4
1424,62,21,4.2,5.5,4.2,6.9,5.2,76.7,78.0
1425,62,22,3.0,1.5,2.2,2.0,2.2,92.7,52.3
1426,62,23,2.4,5.6,3.1,5.9,4.2,69.5,74.1
1427,63,1,6.3,1.5,2.5,6.1,4.1,79.8,61.7
1428,63,2,3.2,3.2,5.0,4.3,3.9,74.6,91.5
1429,63,3,1.8,6.9,5.6,2.2,4.1,87.9,64.8
1430,63,4,3.1,5.4,5.9,3.9,4.6,93.9,52.5
1431,63,5,1.2,3.4,4.9,1.2,2.7,64.8,72.3
1432,63,6,2.9,4.6,3.0,1.6,3.0,82.0,84.4
1433,63,7,2.5,3.6,7.0,2.2,3.8,65.2,88.9
1434,63,8,1.0,3.2,6.3,2.6,3.3,84.7,84.9
1435,63,9,1.9,3.3,7.0,1.4,3.4,64.1,68.2
1436,63,10,5.6,2.6,1.5,3.3,3.2,89.8,52.4
1437,63,11,7.0,5.4,6.2,5.5,6.0,70.1,73.7
1438,63,12,1.4,4.3,2.9,2.2,2.7,93.4,75.4
1439,63,13,5.8,6.8,3.5,6.1,5.5,83.7,99.9
1440,63,14,4.7,5.2,5.6,3.0,4.6,62.0,84.4
1441,63,15,2.6,5.9,6.0,2.8,4.3,95.4,92.1
1442,63,16,5.1,1.8,4.7,4.2,4.0,93.6,61.9
1443,63,17,4.0,2.3,1.9,6.8,3.8,92.6,80.3
1444,63,18,4.1,4.1,3.0,6.4,4.4,63.1,91.2
1445,63,19,3.7,2.4,3.4,5.2,3.7,61.3,58.4
1446,63,20,2.7,5.1,2.2,4.7,3.7,91.5,99.6
1447,63,21,3.4,6.9,3.3,5.7,4.8,75.3,89.0
1448,63,22,6.1,2.7,6.0,6.2,5.2,80.4,92.6
1449,63,23,1.9,3.0,2.7,4.5,3.0,76.2,62.8
1450,64,1,5.3,2.4,3.7,5.9,4.3,72.9,53.5
1451,64,2,6.8,4.5,1.8,1.3,3.6,81.4,75.0
1452,64,3,5.2,6.9,5.8,4.8,5.7,64.8,54.0
1453,64,4,4.3,2.3,1.0,1.7,2.3,89.5,81.4
1454,64,5,6.0,4.4,5.2,3.3,4.7,90.2,75.3
1455,64,6,3.2,4.6,4.9,6.2,4.7,76.2,77.1
1456,64,7,5.8,3.3,4.8,1.5,3.8,63.6,88.7
1457,64,8,3.5,6.1,6.6,3.3,4.9,77.0,94.7
1458,64,9,5.9,1.6,4.8,6.2,4.6,74.4,86.5
1459,64,10,3.0,2.8,6.1,1.2,3.3,63.2,87.7
1460,64,11,3.1,5.7,4.9,4.7,4.6,97.3,54.7
1461,64,12,2.8,1.9,3.3,5.8,3.4,91.4,65.6
1462,64,13,1.3,3.3,4.3,2.9,2.9,82.1,86.6
1463,64,14,6.7,6.8,1.9,4.3,4.9,64.1,85.8
1464,64,15,4.1,4.4,5.1,2.4,4.0,93.4,83.0
1465,64,16,6.2,4.2,5.1,7.0,5.6,79.5,86.2
1466,64,17,3.7,5.8,1.9,1.7,3.3,61.5,60.1
1467,64,18,2.1,1.6,2.0,5.4,2.8,87.6,65.1
1468,64,19,6.5,2.4,1.2,5.9,4.0,77.8,66.0
1469,64,20,1.6,6.9,5.5,6.0,5.0,75.9,71.7
1470,64,21,4.8,5.7,3.9,6.4,5.2,85.2,90.9
1471,64,22,1.8,3.9,4.7,2.7,3.3,68.4,88.1
1472,64,23,1.2,3.6,6.9,4.0,3.9,98.9,60.4
1473,65,1,5.3,2.9,3.0,3.9,3.8,92.9,54.4
1474,65,2,5.9,1.7,3.2,6.0,4.2,64.5,79.1
1475,65,3,5.3,5.0,4.1,5.4,5.0,98.6,72.3
1476,65,4,2.1,2.1,4.5,6.3,3.8,92.7,99.9
1477,65,5,1.1,1.6,1.4,3.4,1.9,87.1,61.8
1478,65,6,3.9,2.8,2.7,1.2,2.6,75.8,78.2
1479,65,7,6.3,4.5,5.6,2.0,4.6,65.9,57.7
1480,65,8,4.1,3.3,3.9,4.0,3.8,97.6,87.5
1481,65,9,4.2,1.8,6.7,4.5,4.3,96.9,69.9
1482,65,10,3.6,5.9,4.1,6.3,5.0,79.4,80.4
1483,65,11,5.5,1.8,2.8,1.5,2.9,82.5,74.7
1484,65,12,1.6,1.2,2.8,1.7,1.8,91.5,61.7
1485,65,13,6.9,2.2,1.3,5.3,3.9,65.1,88.4
1486,65,14,5.0,5.8,5.7,1.7,4.5,91.5,61.3
1487,65,15,2.9,1.7,2.1,2.3,2.2,70.1,77.3
1488,65,16,3.9,6.9,6.4,3.5,5.2,88.2,59.0
1489,65,17,1.9,6.3,3.8,4.4,4.1,80.3,75.5
1490,65,18,3.5,5.1,5.1,2.1,3.9,70.4,58.4
1491,65,19,5.3,5.3,2.5,6.1,4.8,71.1,57.9
1492,65,20,3.2,1.9,4.6,5.9,3.9,91.3,52.1
1493,65,21,5.7,3.7,3.1,7.0,4.9,85.6,99.7
1494,65,22,3.1,6.5,1.0,5.0,3.9,88.2,65.8
1495,65,23,4.0,4.1,1.3,2.3,2.9,94.0,72.5
1496,66,1,4.7,4.9,3.8,5.7,4.8,88.8,73.7
1497,66,2,4.6,5.9,1.9,6.2,4.7,76.6,78.9
1498,66,3,2.9,4.2,4.8,4.7,4.2,72.4,78.0
1499,66,4,7.0,6.7,6.3,4.3,6.1,90.6,56.7
1500,66,5,5.1,3.8,5.8,2.8,4.4,75.7,87.7
1501,66,6,6.4,3.8,1.4,2.3,3.5,74.5,53.8
1502,66,7,5.2,5.4,2.2,7.0,5.0,86.2,99.9
1503,66,8,1.8,2.2,1.5,1.4,1.7,86.7,75.0
1504,66,9,2.5,5.9,2.9,6.3,4.4,81.3,99.4
1505,66,10,2.8,2.1,1.9,3.0,2.5,66.3,60.9
1506,66,11,3.3,3.3,4.5,4.2,3.8,61.8,57.4
1507,66,12,5.4,4.6,6.4,3.8,5.0,79.3,78.7
1508,66,13,6.0,2.7,5.2,1.3,3.8,69.0,81.4
1509,66,14,4.5,1.2,5.0,1.8,3.1,97.2,74.1
1510,66,15,1.0,2.0,3.3,4.1,2.6,64.3,75.6
1511,66,16,5.2,1.9,1.3,2.5,2.7,95.6,56.8
1512,66,17,5.1,6.6,1.7,1.8,3.8,82.9,78.4
1513,66,18,3.1,1.3,1.9,3.9,2.5,70.3,80.3
1514,66,19,1.8,2.1,2.6,2.4,2.2,75.7,93.5
1515,66,20,1.1,5.2,4.0,5.7,4.0,75.0,53.1
1516,66,21,6.0,6.3,6.1,5.3,5.9,92.2,98.6
1517,66,22,6.8,3.1,4.9,6.1,5.2,91.0,75.5
1518,66,23,2.1,5.3,5.3,7.0,4.9,61.7,64.7
1519,67,1,1.4,5.7,3.7,3.7,3.6,86.2,68.2
1520,67,2,6.1,2.0,1.5,5.7,3.8,89.3,53.9
1521,67,3,1.3,4.4,6.3,6.1,4.5,98.5,99.1
1522,67,4,1.3,4.0,2.8,2.8,2.7,96.5,58.3
1523,67,5,2.9,6.8,5.3,6.6,5.4,97.3,50.9
1524,67,6,3.8,1.7,1.4,1.7,2.1,83.7,63.1
1525,67,7,5.4,2.1,5.1,1.5,3.5,88.3,62.9
1526,67,8,5.3,2.5,2.0,6.2,4.0,66.2,60.6
1527,67,9,1.9,1.9,2.9,4.9,2.9,66.4,94.5
1528,67,10,4.5,5.5,2.2,2.8,3.8,77.3,53.7
1529,67,11,5.5,4.5,4.9,5.2,5.0,80.2,72.0
1530,67,12,4.3,1.6,6.5,1.3,3.4,61.3,64.8
1531,67,13,3.8,1.4,3.6,3.7,3.1,85.9,51.0
1532,67,14,3.6,1.1,6.3,5.3,4.1,68.7,66.3
1533,67,15,5.4,6.8,6.7,1.7,5.2,69.7,87.4
1534,67,16,2.6,5.9,1.5,6.0,4.0,93.2,90.2
1535,67,17,1.4,3.4,1.1,3.7,2.4,93.4,73.4
1536,67,18,4.3,1.9,4.3,4.2,3.7,90.7,75.2
1537,67,19,2.5,6.4,3.8,4.1,4.2,95.9,60.0
1538,67,20,5.8,1.8,6.5,1.0,3.8,87.2,84.4
1539,67,21,2.4,3.9,6.4,5.4,4.5,60.3,84.3
1540,67,22,6.5,6.2,4.3,6.8,6.0,90.6,50.7
1541,67,23,1.2,4.5,3.8,5.2,3.7,99.8,99.2
1542,68,1,5.2,4.3,3.2,1.2,3.5,80.7,57.4
1543,68,2,3.6,4.5,2.3,4.0,3.6,87.5,64.7
1544,68,3,6.0,6.5,4.9,3.1,5.1,89.7,59.7
1545,68,4,2.8,1.1,6.4,3.7,3.5,68.2,89.8
1546,68,5,4.6,1.6,4.3,3.1,3.4,77.5,86.6
1547,68,6,4.5,4.3,4.5,3.1,4.1,99.0,57.7
1548,68,7,6.3,1.1,4.0,1.6,3.2,77.1,80.4
1549,68,8,6.3,5.6,4.5,1.8,4.5,60.0,88.8
1550,68,9,4.4,2.9,6.3,1.2,3.7,70.2,54.3
1551,68,10,2.3,5.7,6.0,2.1,4.0,90.4,91.2
1552,68,11,5.5,5.4,3.9,5.7,5.1,99.0,77.4
1553,68,12,4.2,2.9,3.1,2.2,3.1,78.6,76.6
1554,68,13,6.4,1.4,5.6,6.6,5.0,67.8,52.6
1555,68,14,6.8,4.4,4.3,3.7,4.8,65.6,50.1
1556,68,15,5.3,2.5,2.2,1.7,2.9,64.2,88.9
1557,68,16,2.4,4.5,6.0,5.4,4.6,97.1,67.9
1558,68,17,1.5,2.0,3.6,4.8,3.0,70.6,60.7
1559,68,18,2.5,2.9,4.9,4.9,3.8,62.5,79.2
1560,68,19,5.3,3.4,4.4,1.3,3.6,93.3,99.1
1561,68,20,5.9,3.9,2.8,1.6,3.5,65.2,59.6
1562,68,21,3.9,6.2,1.3,1.7,3.3,70.8,59.3
1563,68,22,3.3,6.7,4.9,6.4,5.3,92.3,52.7
1564,68,23,2.2,1.1,4.4,2.9,2.7,74.1,96.0
1565,69,1,3.1,4.4,1.5,4.4,3.4,99.4,79.6
1566,69,2,6.2,1.3,3.9,3.9,3.8,69.7,96.0
1567,69,3,4.8,5.6,2.0,4.0,4.1,89.7,87.2
1568,69,4,1.8,1.8,4.1,3.0,2.7,66.9,74.6
1569,69,5,2.4,3.7,6.1,6.4,4.7,71.7,62.4
1570,69,6,1.8,3.2,2.3,3.9,2.8,64.4,82.9
1571,69,7,2.5,3.2,4.1,6.1,4.0,78.6,77.3
1572,69,8,2.8,2.3,2.9,7.0,3.8,96.0,83.4
1573,69,9,4.1,4.1,2.7,2.0,3.2,95.9,66.0
1574,69,10,2.2,2.2,3.3,4.9,3.2,99.5,57.6
1575,69,11,4.7,3.1,2.7,1.6,3.0,81.5,68.1
1576,69,12,6.6,1.2,2.6,2.7,3.3,82.7,87.1
1577,69,13,3.3,6.4,2.5,5.7,4.5,98.3,75.3
1578,69,14,4.0,3.2,5.3,3.1,3.9,96.5,76.3
1579,69,15,1.0,3.4,2.0,4.2,2.6,85.9,91.6
1580,69,16,1.1,4.9,4.1,3.4,3.4,61.6,100.0
1581,69,17,3.1,2.9,5.3,3.7,3.8,87.3,63.8
1582,69,18,4.1,4.4,6.1,5.7,5.1,68.8,96.0
1583,69,19,2.1,6.6,4.1,2.3,3.8,68.1,78.0
1584,69,20,3.7,6.9,3.2,2.6,4.1,89.3,57.1
1585,69,21,3.8,5.7,3.0,4.2,4.2,88.2,76.2
1586,69,22,3.2,2.6,6.8,5.5,4.5,88.0,70.8
1587,69,23,6.6,2.3,6.4,1.3,4.2,81.2,80.1
1588,70,1,5.3,3.5,2.7,6.5,4.5,75.2,69.1
1589,70,2,6.1,1.7,5.9,6.5,5.0,74.8,65.9
1590,70,3,1.8,1.6,3.1,5.2,2.9,67.4,86.7
1591,70,4,3.1,2.8,4.9,3.9,3.7,84.1,73.7
1592,70,5,1.6,1.3,5.1,3.5,2.9,73.9,99.1
1593,70,6,5.4,1.6,5.7,4.3,4.2,87.4,61.4
1594,70,7,5.9,5.0,5.0,4.2,5.0,72.5,97.6
1595,70,8,5.7,4.3,5.0,5.8,5.2,97.8,69.6
1596,70,9,6.2,5.0,5.1,6.5,5.7,73.5,56.3
1597,70,10,1.0,6.5,3.4,3.5,3.6,80.1,81.7
1598,70,11,3.2,6.5,2.9,3.1,3.9,66.9,80.8
1599,70,12,6.8,1.8,2.1,6.2,4.2,89.1,59.0
1600,70,13,1.2,5.8,3.1,3.4,3.4,98.2,81.5
1601,70,14,5.4,1.2,5.8,4.8,4.3,66.4,96.0
1602,70,15,5.7,6.7,6.6,2.1,5.3,92.0,98.6
1603,70,16,4.9,4.5,6.2,6.8,5.6,92.3,84.1
1604,70,17,3.5,4.5,2.0,4.9,3.7,98.6,65.2
1605,70,18,2.1,2.1,2.3,3.6,2.5,76.1,60.4
1606,70,19,5.3,5.4,3.3,5.8,5.0,93.4,96.9
1607,70,20,4.3,4.3,3.3,6.8,4.7,80.5,94.7
1608,70,21,1.2,5.6,4.0,5.4,4.0,84.5,92.1
1609,70,22,2.9,3.5,6.2,2.8,3.9,92.1,83.2
1610,70,23,1.9,3.4,4.9,6.9,4.3,80.5,95.8
1611,71,1,2.3,2.0,4.4,1.4,2.5,99.7,78.2
1612,71,2,2.3,2.7,4.3,2.6,3.0,61.6,51.8
1613,71,3,3.1,6.4,5.3,2.3,4.3,83.6,58.1
1614,71,4,2.1,6.2,2.3,4.5,3.8,85.9,99.7
1615,71,5,6.8,5.0,4.9,1.9,4.7,72.6,91.1
1616,71,6,4.8,2.4,4.7,5.3,4.3,61.3,62.6
1617,71,7,1.4,6.5,5.5,4.6,4.5,90.7,50.8
1618,71,8,4.4,2.3,5.0,1.6,3.3,62.9,84.9
1619,71,9,6.3,2.9,1.5,5.1,3.9,87.6,72.3
1620,71,10,3.8,1.8,6.2,1.5,3.3,81.2,70.0
1621,71,11,4.0,4.2,4.7,3.5,4.1,92.8,78.5
1622,71,12,2.9,5.2,4.8,3.0,4.0,82.6,53.8
1623,71,13,6.5,1.0,4.9,3.2,3.9,83.1,62.5
1624,71,14,4.0,5.7,6.4,2.8,4.7,98.8,64.2
1625,71,15,1.9,5.3,5.8,1.2,3.5,63.3,90.1
1626,71,16,2.9,3.0,1.7,3.6,2.8,93.0,71.4
1627,71,17,5.8,6.4,4.3,1.1,4.4,91.7,57.7
1628,71,18,2.0,5.2,1.7,3.8,3.2,96.3,95.3
1629,71,19,1.9,5.3,2.6,2.5,3.1,93.2,68.5
1630,71,20,3.0,4.4,2.0,3.0,3.1,92.7,87.8
1631,71,21,5.0,2.6,6.8,1.7,4.0,70.4,92.8
1632,71,22,6.5,1.1,5.8,6.7,5.0,63.7,62.1
1633,71,23,3.9,5.9,2.4,3.9,4.0,87.4,81.9
1634,72,1,1.6,3.4,7.0,4.3,4.1,92.9,60.6
1635,72,2,1.6,4.2,2.6,6.9,3.8,73.8,88.0
1636,72,3,3.7,1.9,5.4,6.7,4.4,96.5,99.7
1637,72,4,6.4,2.8,1.3,3.7,3.6,65.9,84.2
1638,72,5,5.8,5.5,2.7,6.5,5.1,82.4,76.9
1639,72,6,1.7,1.2,6.2,6.6,3.9,99.6,70.2
1640,72,7,1.3,3.3,2.5,1.9,2.2,81.4,76.9
1641,72,8,2.8,6.4,4.6,5.6,4.8,61.1,62.4
1642,72,9,5.6,2.7,3.9,3.3,3.9,64.5,67.5
1643,72,10,5.4,6.0,5.2,4.5,5.3,64.8,88.0
1644,72,11,3.7,1.4,2.4,6.0,3.4,73.5,87.8
1645,72,12,2.4,6.3,6.0,3.9,4.7,75.0,59.6
1646,72,13,2.8,2.2,6.5,2.0,3.4,86.5,75.6
1647,72,14,3.9,3.0,3.0,4.7,3.6,85.5,73.5
1648,72,15,3.8,3.1,5.0,4.7,4.2,64.3,79.7
1649,72,16,1.4,5.0,4.2,6.6,4.3,96.6,96.7
1650,72,17,6.6,2.8,4.9,6.6,5.2,97.6,57.6
1651,72,18,1.9,2.2,2.5,4.6,2.8,66.8,64.4
1652,72,19,5.9,5.2,6.3,3.4,5.2,97.5,84.0
1653,72,20,1.0,6.2,2.4,3.1,3.2,89.0,96.9
1654,72,21,6.8,2.8,3.3,3.0,4.0,75.1,75.5
1655,72,22,1.1,5.2,1.4,2.0,2.4,61.5,95.3
1656,72,23,4.4,5.5,4.9,1.5,4.1,64.9,99.8
1657,73,1,5.2,5.8,1.4,5.0,4.3,93.8,99.7
1658,73,2,2.9,4.9,6.5,5.9,5.0,61.7,81.2
1659,73,3,4.2,2.6,4.4,6.4,4.4,95.9,65.9
1660,73,4,3.0,5.5,1.7,2.5,3.2,98.8,96.1
1661,73,5,5.8,4.1,2.5,3.0,3.8,78.3,88.8
1662,73,6,2.2,3.3,2.3,5.9,3.4,62.8,70.2
1663,73,7,5.2,3.4,5.8,5.8,5.0,82.2,79.9
1664,73,8,6.2,3.2,1.5,5.2,4.0,92.4,75.7
1665,73,9,2.9,5.9,2.6,6.4,4.5,70.7,97.8
1666,73,10,4.0,2.8,5.9,1.7,3.6,72.5,50.3
1667,73,11,2.9,2.4,2.2,6.6,3.5,76.9,79.8
1668,73,12,2.5,5.7,6.8,6.7,5.4,76.6,71.2
1669,73,13,5.7,4.8,6.3,2.8,4.9,61.7,76.7
1670,73,14,4.5,4.9,2.7,6.2,4.6,63.9,64.9
1671,73,15,4.1,6.6,4.9,1.4,4.2,91.6,82.4
1672,73,16,4.7,6.0,6.2,2.0,4.7,69.9,94.1
1673,73,17,3.4,3.9,5.5,5.6,4.6,82.7,64.1
1674,73,18,3.5,4.4,6.6,3.3,4.5,88.0,57.7
1675,73,19,2.0,2.2,6.4,5.6,4.0,82.6,62.1
1676,73,20,5.2,1.3,4.0,5.5,4.0,87.3,59.6
1677,73,21,1.7,5.3,1.3,3.1,2.9,70.0,91.2
1678,73,22,2.5,3.4,2.9,1.8,2.6,72.6,62.0
1679,73,23,1.6,2.0,2.0,4.1,2.4,92.8,82.2
1680,74,1,1.5,6.7,3.7,6.3,4.5,78.3,81.4
1681,74,2,6.3,5.2,6.7,4.0,5.5,77.4,71.4
1682,74,3,5.4,2.4,3.1,1.3,3.1,70.3,78.1
1683,74,4,6.4,4.9,1.5,4.7,4.4,62.5,54.7
1684,74,5,1.1,1.7,5.5,1.0,2.3,74.3,84.2
1685,74,6,1.3,1.2,6.2,4.5,3.3,89.9,79.3
1686,74,7,5.3,2.1,3.3,6.5,4.3,66.6,64.9
1687,74,8,1.3,1.2,3.4,5.7,2.9,89.7,52.1
1688,74,9,4.5,6.8,5.3,5.0,5.4,95.8,90.4
1689,74,10,3.5,2.7,6.6,4.6,4.3,84.0,88.8
1690,74,11,3.2,1.7,3.4,3.0,2.8,78.7,57.2
1691,74,12,5.0,2.7,5.8,3.9,4.3,62.8,65.6
1692,74,13,2.2,6.8,1.2,6.3,4.1,69.7,50.2
1693,74,14,5.1,4.5,1.8,1.2,3.1,65.0,76.7
1694,74,15,7.0,4.8,3.0,4.6,4.8,88.3,62.3
1695,74,16,6.3,2.3,1.5,5.9,4.0,80.9,72.9
1696,74,17,1.7,5.0,2.8,5.1,3.6,74.2,86.3
1697,74,18,5.6,2.9,4.0,1.9,3.6,62.2,76.8
1698,74,19,6.7,5.0,4.8,2.7,4.8,72.7,91.5
1699,74,20,2.0,2.3,2.9,4.6,2.9,84.0,67.5
1700,74,21,5.2,2.0,6.0,6.4,4.9,66.5,75.9
1701,74,22,5.7,6.7,6.7,5.9,6.2,64.3,65.6
1702,74,23,4.8,5.6,5.4,4.1,5.0,86.2,74.6
1703,75,1,5.3,4.3,3.8,6.9,5.1,62.4,98.5
1704,75,2,1.3,4.5,3.7,3.1,3.1,82.8,75.4
1705,75,3,4.8,5.6,3.6,2.8,4.2,92.3,61.7
1706,75,4,6.5,1.7,2.6,3.9,3.7,98.3,58.4
1707,75,5,6.0,3.9,3.9,4.7,4.6,70.8,75.7
1708,75,6,3.3,6.4,5.4,3.7,4.7,65.2,83.3
1709,75,7,5.6,6.7,1.6,2.9,4.2,64.3,66.3
1710,75,8,2.5,1.8,6.5,2.7,3.4,67.4,81.9
1711,75,9,1.7,2.3,2.9,1.8,2.2,88.8,85.6
1712,75,10,3.7,3.9,3.0,2.9,3.4,76.1,96.2
1713,75,11,3.9,1.5,1.2,5.9,3.1,66.6,91.1
1714,75,12,1.6,6.4,3.9,3.2,3.8,72.2,63.0
1715,75,13,3.1,3.8,4.9,2.4,3.5,97.0,72.9
1716,75,14,1.9,3.2,4.9,4.6,3.6,85.6,65.0
1717,75,15,1.3,1.7,2.0,2.3,1.8,62.2,95.1
1718,75,16,4.2,3.6,2.1,5.7,3.9,67.1,55.1
1719,75,17,5.4,6.9,4.7,5.6,5.7,76.6,71.7
1720,75,18,3.6,1.4,1.9,4.2,2.8,61.0,91.0
1721,75,19,1.8,4.6,2.4,5.9,3.7,99.7,82.1
1722,75,20,2.9,4.2,2.7,1.5,2.8,65.8,63.1
1723,75,21,4.5,2.9,3.2,5.3,4.0,83.3,83.9
1724,75,22,3.1,6.5,1.5,2.9,3.5,67.9,61.2
1725,75,23,2.5,1.0,5.0,5.6,3.5,93.1,75.6
1726,76,1,5.4,3.3,6.0,5.9,5.2,82.9,93.1
1727,76,2,2.9,2.0,2.7,1.3,2.2,66.9,67.2
1728,76,3,4.4,6.3,5.6,3.0,4.8,91.3,96.8
1729,76,4,2.2,4.1,2.1,6.9,3.8,63.3,88.1
1730,76,5,5.5,5.9,5.5,5.2,5.5,91.7,77.1
1731,76,6,6.2,5.3,2.0,5.8,4.8,91.4,97.3
1732,76,7,5.2,6.9,1.1,6.7,5.0,72.4,58.4
1733,76,8,4.6,4.9,6.0,1.9,4.3,82.4,94.2
1734,76,9,6.7,5.3,5.9,6.3,6.0,97.7,59.5
1735,76,10,5.3,2.4,1.0,5.9,3.6,68.2,77.7
1736,76,11,5.8,4.6,5.4,2.0,4.5,69.1,60.1
1737,76,12,5.5,3.9,1.2,4.2,3.7,93.4,54.0
1738,76,13,2.7,1.8,2.1,4.8,2.9,72.8,87.3
1739,76,14,6.3,3.7,4.3,6.3,5.2,83.7,73.9
1740,76,15,6.2,1.6,2.8,3.6,3.5,97.2,67.9
1741,76,16,2.2,5.5,4.3,1.4,3.4,62.9,50.5
1742,76,17,4.9,2.0,4.8,3.9,3.9,84.3,79.4
1743,76,18,1.8,5.6,3.3,4.4,3.8,95.8,88.9
1744,76,19,6.5,5.8,6.4,3.8,5.6,91.4,84.0
1745,76,20,1.2,3.8,1.3,7.0,3.3,88.6,64.7
1746,76,21,1.7,4.6,4.4,2.2,3.2,92.5,69.0
1747,76,22,1.5,1.7,3.5,4.1,2.7,79.4,53.3
1748,76,23,3.0,4.3,4.9,3.3,3.9,81.1,62.5
1749,77,1,6.1,1.6,4.8,3.2,3.9,64.9,99.6
1750,77,2,5.9,3.6,6.1,6.2,5.5,83.2,60.0
1751,77,3,2.2,3.0,4.1,4.1,3.3,74.2,82.4
1752,77,4,3.4,6.1,5.2,6.5,5.3,87.3,94.6
1753,77,5,3.1,4.2,2.9,3.5,3.4,94.0,96.9
1754,77,6,5.1,3.0,6.8,4.9,5.0,88.3,95.4
1755,77,7,2.4,5.6,3.9,3.4,3.8,63.9,61.9
1756,77,8,3.8,2.0,3.9,4.9,3.6,99.9,89.1
1757,77,9,5.0,1.3,3.5,2.3,3.0,89.4,86.1
1758,77,10,3.6,2.8,6.5,4.7,4.4,89.6,59.2
1759,77,11,1.8,4.7,6.4,1.8,3.7,63.2,96.6
1760,77,12,2.1,2.0,3.0,2.8,2.5,84.6,71.7
1761,77,13,2.5,5.9,4.6,5.3,4.6,69.7,57.9
1762,77,14,6.3,3.2,1.6,1.1,3.0,60.5,76.3
1763,77,15,2.6,1.0,4.2,5.9,3.4,69.0,77.2
1764,77,16,6.4,4.5,6.3,6.2,5.8,67.2,92.4
1765,77,17,5.8,2.2,5.1,2.1,3.8,79.5,76.1
1766,77,18,2.1,6.4,1.9,1.5,3.0,77.1,61.8
1767,77,19,4.1,1.4,3.4,6.7,3.9,80.2,65.4
1768,77,20,4.4,4.5,4.6,2.4,4.0,95.8,67.9
1769,77,21,6.6,4.3,2.1,3.8,4.2,70.2,59.0
1770,77,22,4.9,3.4,1.6,6.3,4.0,94.6,74.5
1771,77,23,1.9,3.6,4.2,4.0,3.4,92.4,63.6
1772,78,1,5.3,4.6,5.5,2.2,4.4,74.6,99.6
1773,78,2,3.0,4.2,3.0,3.8,3.5,75.1,54.1
1774,78,3,6.8,3.8,3.4,6.8,5.2,89.8,56.9
1775,78,4,3.1,5.0,5.9,6.2,5.0,77.9,59.6
1776,78,5,6.3,1.2,6.3,4.2,4.5,81.3,92.9
1777,78,6,3.5,6.9,4.9,1.6,4.2,71.2,96.0
1778,78,7,1.6,4.4,1.9,5.8,3.4,72.2,53.2
1779,78,8,2.9,5.8,6.4,5.1,5.0,79.9,94.7
1780,78,9,5.6,5.2,6.1,4.5,5.3,75.4,54.1
1781,78,10,1.5,3.8,1.8,2.9,2.5,69.1,93.1
1782,78,11,4.4,4.7,1.3,3.4,3.5,64.1,83.0
1783,78,12,5.1,1.3,5.0,4.5,4.0,78.8,51.3
1784,78,13,5.4,1.4,4.9,3.1,3.7,79.8,98.8
1785,78,14,5.4,1.0,2.3,1.2,2.5,67.0,81.4
1786,78,15,1.4,2.4,6.4,4.8,3.8,68.4,88.2
1787,78,16,1.8,6.7,1.3,2.3,3.0,99.0,81.7
1788,78,17,2.6,2.4,4.7,2.7,3.1,67.7,87.3
1789,78,18,5.8,3.9,1.4,5.2,4.1,92.6,93.3
1790,78,19,1.7,2.4,3.2,3.8,2.8,64.5,79.9
1791,78,20,5.8,5.6,3.5,1.8,4.2,74.5,91.9
1792,78,21,5.3,1.8,3.5,3.6,3.5,63.2,93.9
1793,78,22,3.7,1.6,5.3,4.2,3.7,65.4,51.3
1794,78,23,5.6,5.7,4.4,4.7,5.1,63.8,59.5
1795,79,1,5.2,1.1,1.2,5.0,3.1,92.4,75.8
1796,79,2,3.7,4.2,2.0,3.3,3.3,62.8,89.9
1797,79,3,6.2,1.8,6.0,6.5,5.1,93.4,97.3
1798,79,4,6.1,5.3,3.4,2.3,4.3,77.3,54.4
1799,79,5,1.1,2.7,1.4,4.5,2.4,60.2,99.0
1800,79,6,5.8,3.4,1.1,1.6,3.0,92.2,58.0
1801,79,7,4.3,4.8,1.6,4.2,3.7,62.3,53.0
1802,79,8,2.7,4.2,5.4,2.6,3.7,83.0,97.8
1803,79,9,6.0,5.4,5.7,1.3,4.6,73.2,62.7
1804,79,10,5.1,2.6,3.0,5.0,3.9,98.4,81.3
1805,79,11,5.2,4.9,2.5,3.0,3.9,76.9,92.6
1806,79,12,3.5,4.7,3.1,4.6,4.0,99.9,58.8
1807,79,13,1.7,2.4,6.9,5.9,4.2,92.7,94.4
1808,79,14,2.7,5.6,2.2,3.4,3.5,69.4,50.9
1809,79,15,5.9,5.4,1.5,4.4,4.3,84.7,84.4
1810,79,16,1.2,3.5,2.9,1.7,2.3,84.1,62.4
1811,79,17,5.4,3.8,3.3,3.2,3.9,70.0,96.9
1812,79,18,7.0,3.5,2.5,5.4,4.6,60.0,81.3
1813,79,19,3.6,5.1,4.3,1.5,3.6,71.8,60.7
1814,79,20,5.8,2.4,2.4,2.5,3.3,92.6,91.0
1815,79,21,2.5,2.9,6.3,2.0,3.4,73.1,98.9
1816,79,22,3.1,4.7,2.8,6.4,4.2,92.7,74.0
1817,79,23,4.5,1.4,3.1,4.8,3.5,81.5,70.6
1818,80,1,6.8,3.7,3.8,6.6,5.2,83.7,51.0
1819,80,2,4.1,6.7,1.4,5.6,4.5,97.7,93.2
1820,80,3,5.7,5.3,6.2,1.8,4.8,77.4,96.5
1821,80,4,3.9,6.5,2.7,3.5,4.2,67.7,95.3
1822,80,5,1.8,6.1,5.2,2.3,3.9,66.0,51.1
1823,80,6,1.1,1.4,1.5,1.3,1.3,82.2,58.9
1824,80,7,2.4,2.6,5.5,1.6,3.0,81.4,88.3
1825,80,8,6.4,1.9,2.1,6.8,4.3,63.5,53.0
1826,80,9,4.9,1.5,3.7,2.7,3.2,72.4,69.7
1827,80,10,4.9,3.9,4.7,1.4,3.7,64.8,80.8
1828,80,11,1.9,4.3,2.0,2.5,2.7,71.7,97.6
1829,80,12,2.4,3.4,3.8,3.9,3.4,61.7,76.1
1830,80,13,1.4,2.9,3.5,5.5,3.3,90.1,70.7
1831,80,14,1.0,3.8,6.4,3.3,3.6,86.1,55.3
1832,80,15,1.4,2.8,5.3,3.7,3.3,86.2,58.9
1833,80,16,3.5,2.1,6.4,6.5,4.6,63.9,93.1
1834,80,17,2.2,3.7,3.0,4.7,3.4,60.7,74.5
1835,80,18,2.5,4.5,4.5,2.0,3.4,66.3,85.8
1836,80,19,1.5,4.5,6.0,4.5,4.1,76.5,93.2
1837,80,20,5.6,6.8,1.6,1.7,3.9,74.0,61.7
1838,80,21,2.0,1.2,3.3,3.4,2.5,73.1,89.6
1839,80,22,3.3,6.8,2.2,6.4,4.7,87.5,72.7
1840,80,23,4.0,5.4,1.2,6.3,4.2,97.2,97.4
1841,81,1,3.4,6.9,6.9,4.1,5.3,77.8,99.9
1842,81,2,3.7,2.3,3.1,6.1,3.8,84.4,79.0
1843,81,3,2.6,1.8,6.4,2.9,3.4,64.2,53.8
1844,81,4,6.2,3.3,5.1,5.2,5.0,62.8,79.1
1845,81,5,6.5,1.2,6.1,5.9,4.9,78.3,85.3
1846,81,6,1.3,6.2,2.7,2.7,3.2,83.7,74.8
1847,81,7,3.7,5.7,5.2,4.8,4.8,66.8,98.3
1848,81,8,4.3,2.0,4.3,1.4,3.0,90.6,89.3
1849,81,9,2.1,5.0,4.2,1.5,3.2,73.9,93.3
1850,81,10,4.1,5.1,2.7,6.5,4.6,82.3,87.1
1851,81,11,4.0,6.7,1.9,6.6,4.8,93.6,62.2
1852,81,12,2.9,2.7,2.4,4.0,3.0,81.8,95.3
1853,81,13,5.2,5.7,6.9,3.8,5.4,63.7,89.8
1854,81,14,6.9,5.3,3.8,4.7,5.2,78.5,84.9
1855,81,15,4.1,6.5,3.8,1.9,4.1,75.2,85.4
1856,81,16,1.1,2.7,6.6,4.2,3.6,64.8,83.2
1857,81,17,2.6,2.4,5.5,5.1,3.9,64.4,85.2
1858,81,18,4.5,2.5,7.0,5.2,4.8,78.8,89.5
1859,81,19,1.6,6.7,6.8,2.5,4.4,94.3,85.9
1860,81,20,2.1,5.7,2.8,2.4,3.2,73.6,83.7
1861,81,21,1.5,3.8,4.1,5.1,3.6,81.5,76.3
1862,81,22,2.3,4.3,2.7,2.0,2.8,70.5,75.1
1863,81,23,5.3,4.8,3.1,6.3,4.9,94.7,71.3
1864,82,1,3.0,3.8,6.3,1.4,3.6,60.1,61.2
1865,82,2,1.7,4.6,1.3,1.9,2.4,67.2,89.9
1866,82,3,1.6,1.7,1.1,4.1,2.1,89.3,60.0
1867,82,4,4.9,3.9,2.8,6.4,4.5,65.3,81.7
1868,82,5,3.0,4.3,5.8,5.7,4.7,91.4,76.9
1869,82,6,5.1,3.7,5.6,5.2,4.9,74.6,74.7
1870,82,7,6.5,5.4,3.3,3.5,4.7,75.1,85.0
1871,82,8,3.1,2.7,4.3,4.6,3.7,79.2,94.9
1872,82,9,6.7,2.0,4.6,1.2,3.6,95.6,70.1
1873,82,10,3.9,6.0,4.6,5.5,5.0,96.4,99.7
1874,82,11,1.5,6.4,4.9,6.6,4.8,85.8,88.4
1875,82,12,6.5,6.2,2.3,3.9,4.7,61.5,55.8
1876,82,13,6.7,1.6,2.6,3.4,3.6,95.4,60.7
1877,82,14,6.5,4.8,6.8,2.9,5.2,63.7,64.0
1878,82,15,4.2,6.4,5.3,4.5,5.1,81.0,56.0
1879,82,16,7.0,4.5,2.4,5.9,5.0,97.6,81.2
1880,82,17,3.0,4.7,3.7,3.0,3.6,93.7,68.1
1881,82,18,6.3,3.7,4.6,6.3,5.2,88.8,79.3
1882,82,19,5.9,2.2,2.6,1.7,3.1,68.8,87.9
1883,82,20,6.5,2.9,1.9,3.4,3.7,86.9,58.1
1884,82,21,6.4,4.8,4.4,2.6,4.5,68.2,67.2
1885,82,22,5.0,5.8,6.5,5.2,5.6,87.8,96.6
1886,82,23,7.0,6.6,5.7,4.0,5.8,95.3,50.9
1887,83,1,3.3,6.7,3.5,2.0,3.9,97.9,59.0
1888,83,2,1.8,4.6,2.5,4.3,3.3,78.1,59.4
1889,83,3,3.3,6.8,4.9,1.6,4.2,88.9,71.9
1890,83,4,4.2,1.6,2.7,4.2,3.2,87.1,96.5
1891,83,5,2.6,6.8,3.3,2.9,3.9,98.7,54.7
1892,83,6,2.0,3.8,6.2,1.7,3.4,71.8,71.9
1893,83,7,6.9,6.6,3.3,4.6,5.3,82.3,89.7
1894,83,8,2.3,6.5,1.9,2.6,3.3,87.7,83.2
1895,83,9,4.0,1.9,4.7,6.1,4.2,81.3,95.9
1896,83,10,3.6,1.3,3.5,6.8,3.8,73.3,84.9
1897,83,11,5.3,6.5,3.6,1.7,4.3,76.9,63.4
1898,83,12,3.6,4.1,4.4,2.6,3.7,66.3,65.3
1899,83,13,1.9,1.6,5.9,6.9,4.1,77.2,99.0
1900,83,14,4.7,2.1,1.9,2.3,2.8,91.5,71.1
1901,83,15,3.5,6.3,4.9,2.1,4.2,86.0,50.9
1902,83,16,2.8,1.7,6.4,6.0,4.2,79.6,83.7
1903,83,17,5.5,3.5,3.8,4.4,4.3,86.9,93.7
1904,83,18,4.6,4.7,4.0,2.7,4.0,76.6,56.8
1905,83,19,3.3,5.2,3.3,4.1,4.0,69.3,97.1
1906,83,20,5.0,6.9,2.8,3.4,4.5,79.9,53.5
1907,83,21,1.9,2.9,6.1,1.2,3.0,80.4,74.1
1908,83,22,5.9,6.1,2.6,1.8,4.1,96.2,86.5
1909,83,23,2.1,3.5,5.6,3.6,3.7,93.3,67.3
1910,84,1,2.6,4.9,4.5,6.3,4.6,82.4,99.3
1911,84,2,3.8,3.9,2.3,5.0,3.8,62.6,58.2
1912,84,3,5.5,6.8,6.7,1.8,5.2,71.3,55.2
1913,84,4,1.7,1.1,1.4,5.1,2.3,89.6,83.9
1914,84,5,6.3,6.0,6.1,4.5,5.7,75.9,51.1
1915,84,6,5.1,6.6,3.5,1.6,4.2,90.8,60.0
1916,84,7,2.2,4.9,5.8,2.7,3.9,62.0,98.1
1917,84,8,2.2,4.0,2.6,2.1,2.7,90.1,67.1
1918,84,9,3.6,2.4,1.1,6.8,3.5,78.2,64.0
1919,84,10,1.1,4.6,4.7,6.4,4.2,86.6,88.8
1920,84,11,4.0,6.0,4.1,2.0,4.0,66.4,64.2
1921,84,12,2.7,2.8,2.4,5.2,3.3,66.0,81.4
1922,84,13,5.5,1.6,3.6,5.2,4.0,78.9,63.0
1923,84,14,4.1,5.1,3.4,2.8,3.8,94.4,88.2
1924,84,15,5.0,3.0,2.9,1.1,3.0,61.0,50.1
1925,84,16,5.7,5.4,2.9,6.7,5.2,84.1,90.1
1926,84,17,2.8,6.7,5.9,6.3,5.4,64.7,80.9
1927,84,18,1.2,6.6,4.2,2.9,3.7,98.8,94.0
1928,84,19,1.7,6.5,6.6,1.7,4.1,66.3,64.9
1929,84,20,6.5,1.3,3.2,5.7,4.2,66.7,83.3
1930,84,21,5.2,1.4,5.2,5.7,4.4,62.3,95.1
1931,84,22,4.9,1.1,5.1,6.3,4.3,96.5,63.3
1932,84,23,6.7,6.3,5.9,4.2,5.8,68.7,65.9
1933,85,1,3.3,4.2,6.7,1.6,4.0,64.0,73.5
1934,85,2,2.0,1.6,3.2,1.3,2.0,87.4,94.6
1935,85,3,2.6,4.1,3.5,6.0,4.0,70.0,52.0
1936,85,4,1.4,5.1,4.6,4.8,4.0,74.0,61.0
1937,85,5,4.8,4.4,2.3,6.2,4.4,60.7,68.6
1938,85,6,5.2,3.5,5.8,1.9,4.1,76.9,76.1
1939,85,7,6.7,6.5,2.4,2.0,4.4,73.5,99.6
1940,85,8,5.2,6.3,4.9,5.5,5.5,99.7,63.9
1941,85,9,5.5,1.4,7.0,7.0,5.2,65.7,77.7
1942,85,10,2.7,3.5,2.1,5.7,3.5,82.0,74.7
1943,85,11,5.4,2.6,4.1,1.3,3.4,92.3,94.7
1944,85,12,3.3,4.0,1.4,4.2,3.2,83.0,69.9
1945,85,13,5.3,2.6,3.3,5.4,4.2,63.0,56.0
1946,85,14,2.0,5.9,2.8,2.9,3.4,72.7,56.5
1947,85,15,1.1,3.1,4.1,4.2,3.1,95.6,99.9
1948,85,16,2.3,3.5,4.8,2.0,3.1,81.8,85.3
1949,85,17,2.5,4.2,1.7,3.4,3.0,97.9,95.6
1950,85,18,5.5,6.0,4.0,2.4,4.5,76.8,66.6
1951,85,19,2.8,3.2,6.5,6.2,4.7,82.9,63.7
1952,85,20,2.8,3.3,2.9,6.5,3.9,71.9,58.3
1953,85,21,6.6,2.9,5.1,1.7,4.1,73.7,70.6
1954,85,22,4.9,4.0,6.4,6.1,5.3,97.8,78.4
1955,85,23,4.0,5.9,4.2,2.1,4.0,79.8,82.6
1956,86,1,1.0,6.3,2.5,6.4,4.0,98.7,66.2
1957,86,2,4.2,5.5,4.0,2.0,3.9,79.1,76.0
1958,86,3,6.5,4.1,3.5,5.3,4.8,73.0,93.4
1959,86,4,6.9,5.5,5.1,5.1,5.7,89.4,74.8
1960,86,5,4.0,2.7,2.5,1.0,2.5,78.5,73.6
1961,86,6,2.4,1.1,2.5,1.5,1.9,64.6,53.8
1962,86,7,4.8,4.5,6.2,5.0,5.1,66.0,92.2
1963,86,8,6.8,2.2,3.2,6.5,4.7,68.1,84.4
1964,86,9,4.2,2.4,3.3,2.1,3.0,66.6,55.9
1965,86,10,6.6,7.0,1.6,3.0,4.5,73.4,73.8
1966,86,11,2.8,2.9,3.6,3.2,3.1,72.7,64.9
1967,86,12,6.1,5.5,2.2,1.7,3.9,94.2,91.5
1968,86,13,4.0,3.8,5.0,6.6,4.8,86.1,68.4
1969,86,14,3.8,6.5,3.0,2.5,4.0,68.5,89.1
1970,86,15,6.4,3.6,1.2,1.7,3.2,88.5,59.7
1971,86,16,6.5,2.7,2.0,6.7,4.5,94.4,75.8
1972,86,17,6.4,5.8,4.6,2.9,4.9,90.0,81.3
1973,86,18,5.4,5.7,2.8,3.6,4.4,94.5,87.0
1974,86,19,2.6,4.3,5.4,6.8,4.8,79.4,97.5
1975,86,20,1.8,6.5,6.9,3.4,4.7,98.0,98.4
1976,86,21,5.6,6.6,2.1,5.8,5.0,83.9,53.5
1977,86,22,2.6,3.8,4.1,5.4,4.0,69.7,98.6
1978,86,23,2.3,5.4,3.5,4.0,3.8,90.3,54.4
1979,87,1,5.6,6.5,3.4,4.7,5.0,96.6,73.9
1980,87,2,4.2,5.2,4.6,1.9,4.0,71.0,65.8
1981,87,3,2.6,4.8,5.9,1.7,3.8,93.9,52.5
1982,87,4,5.4,2.0,4.7,1.6,3.4,90.9,62.0
1983,87,5,1.3,1.9,4.8,3.8,2.9,85.9,74.6
1984,87,6,5.6,4.6,1.5,6.6,4.6,90.5,57.0
1985,87,7,1.3,4.1,1.4,6.0,3.2,89.9,92.5
1986,87,8,1.0,3.4,3.4,5.5,3.3,82.5,60.4
1987,87,9,7.0,5.2,6.7,6.5,6.3,70.3,89.3
1988,87,10,3.6,4.6,5.7,5.4,4.8,98.4,88.8
1989,87,11,6.0,4.9,4.5,1.0,4.1,68.4,73.7
1990,87,12,2.1,4.7,4.7,4.3,4.0,65.5,74.9
1991,87,13,4.1,3.6,2.0,1.3,2.8,87.4,53.1
1992,87,14,2.7,4.7,6.2,6.1,4.9,92.1,84.2
1993,87,15,1.7,5.8,3.2,3.9,3.6,86.0,91.6
1994,87,16,4.2,3.1,6.0,4.1,4.3,73.5,96.4
1995,87,17,2.6,1.3,5.6,5.9,3.9,84.8,51.2
1996,87,18,2.9,3.0,2.9,4.4,3.3,60.2,99.7
1997,87,19,6.7,4.2,6.2,5.6,5.7,86.6,85.3
1998,87,20,1.0,2.1,5.9,5.6,3.6,64.5,63.6
1999,87,21,2.1,4.6,2.8,4.5,3.5,77.2,77.9
2000,87,22,3.3,4.1,6.0,2.2,3.9,76.6,55.3
2001,87,23,2.3,2.4,6.3,2.7,3.4,65.6,65.2
2002,88,1,3.5,4.9,2.9,2.8,3.5,67.6,76.9
2003,88,2,2.6,2.4,5.6,2.2,3.2,83.5,61.1
2004,88,3,2.4,1.2,3.8,1.1,2.1,79.2,65.2
2005,88,4,6.5,3.0,3.6,5.5,4.7,73.8,70.7
2006,88,5,4.0,3.9,2.8,5.3,4.0,75.6,95.9
2007,88,6,4.6,1.3,6.3,2.9,3.8,85.5,83.5
2008,88,7,2.7,3.4,3.4,2.5,3.0,94.7,85.3
2009,88,8,3.3,1.5,2.3,3.6,2.7,88.6,95.8
2010,88,9,1.5,6.2,7.0,5.5,5.0,94.0,50.9
2011,88,10,5.5,3.5,2.4,2.5,3.5,83.3,66.5
2012,88,11,1.2,2.9,3.6,3.3,2.8,90.8,59.0
2013,88,12,5.7,2.8,4.4,3.8,4.2,92.1,67.9
2014,88,13,2.2,4.2,1.7,2.5,2.6,67.2,91.8
2015,88,14,3.8,1.9,3.0,2.3,2.8,94.5,81.4
2016,88,15,3.5,6.1,6.1,3.2,4.7,86.0,84.2
2017,88,16,5.5,5.5,5.4,4.2,5.2,62.0,73.1
2018,88,17,4.9,3.4,4.8,6.6,4.9,92.3,63.3
2019,88,18,2.6,3.1,6.0,6.1,4.5,72.0,64.8
2020,88,19,7.0,2.9,6.5,5.0,5.3,73.3,57.9
2021,88,20,3.2,3.4,1.7,2.5,2.7,94.7,80.4
2022,88,21,6.8,3.5,1.0,6.3,4.4,66.1,65.1
2023,88,22,1.5,5.0,5.9,5.8,4.5,60.9,84.8
2024,88,23,6.6,1.7,2.4,3.5,3.5,90.2,62.7
2025,89,1,1.3,4.0,6.8,6.3,4.6,83.2,70.4
2026,89,2,1.1,3.5,1.9,2.7,2.3,61.4,72.5
2027,89,3,5.8,4.5,3.6,2.2,4.0,99.5,90.4
2028,89,4,6.1,4.8,3.1,4.9,4.7,68.1,83.9
2029,89,5,4.3,3.7,3.0,1.8,3.2,89.3,54.4
2030,89,6,1.6,3.8,4.3,6.9,4.2,75.4,62.8
2031,89,7,2.7,2.9,5.2,5.5,4.1,91.5,72.9
2032,89,8,5.6,4.3,5.2,5.4,5.1,100.0,70.2
2033,89,9,6.5,2.3,6.6,5.8,5.3,92.2,89.9
2034,89,10,4.7,5.3,1.1,3.5,3.6,90.7,50.6
2035,89,11,6.4,6.0,3.8,3.7,5.0,69.9,83.8
2036,89,12,3.3,6.1,2.2,6.3,4.5,73.8,72.1
2037,89,13,4.7,4.8,3.6,6.0,4.8,72.3,64.2
2038,89,14,4.6,3.6,2.4,4.8,3.8,68.6,99.2
2039,89,15,6.0,1.5,3.9,2.6,3.5,63.0,79.1
2040,89,16,1.9,5.3,4.8,4.7,4.2,67.0,58.9
2041,89,17,3.5,3.3,5.4,3.2,3.9,80.2,91.0
2042,89,18,2.7,5.0,3.3,5.9,4.2,63.4,93.1
2043,89,19,4.6,5.7,3.5,6.6,5.1,84.6,90.2
2044,89,20,2.0,4.2,3.1,6.4,3.9,74.9,74.8
2045,89,21,1.6,4.0,4.4,6.0,4.0,92.9,67.1
2046,89,22,5.0,2.7,2.5,4.8,3.8,88.9,95.2
2047,89,23,2.1,3.3,4.5,5.6,3.9,80.6,95.3
2048,90,1,6.3,1.7,6.2,6.1,5.1,91.2,61.6
2049,90,2,4.2,6.8,7.0,5.6,5.9,66.6,66.4
2050,90,3,3.3,5.0,1.9,2.2,3.1,74.9,52.3
2051,90,4,4.2,3.0,4.5,3.7,3.9,93.5,95.2
2052,90,5,4.6,6.4,3.1,6.4,5.1,74.7,62.5
2053,90,6,5.9,2.9,6.8,1.4,4.2,74.9,67.6
2054,90,7,3.4,1.2,5.1,5.4,3.8,60.4,76.8
2055,90,8,5.6,1.9,1.6,5.0,3.5,65.7,74.9
2056,90,9,4.0,1.5,3.8,6.6,4.0,68.8,86.2
2057,90,10,4.7,1.8,2.0,3.2,2.9,68.4,94.5
2058,90,11,6.5,2.9,6.9,4.8,5.3,70.7,83.4
2059,90,12,2.0,5.2,1.7,4.2,3.3,61.4,67.2
2060,90,13,1.1,5.1,3.6,5.0,3.7,85.2,72.2
2061,90,14,1.6,3.7,4.8,3.8,3.5,76.0,74.4
2062,90,15,5.3,3.9,1.5,1.5,3.0,78.8,75.7
2063,90,16,1.6,4.4,3.4,6.3,3.9,90.4,56.4
2064,90,17,6.2,6.6,6.4,6.1,6.3,71.4,88.2
2065,90,18,5.1,4.5,3.7,6.2,4.9,80.5,73.4
2066,90,19,6.8,1.5,3.8,2.9,3.8,66.3,99.5
2067,90,20,1.6,4.2,3.2,4.3,3.3,68.2,61.4
2068,90,21,5.5,4.7,4.9,4.3,4.8,73.6,53.6
2069,90,22,2.6,4.2,3.7,6.0,4.1,72.3,77.2
2070,90,23,1.9,4.1,2.3,4.1,3.1,98.4,93.1
2071,91,1,3.7,1.6,1.8,5.7,3.2,81.0,92.0
2072,91,2,5.1,6.9,3.1,2.5,4.4,66.8,50.5
2073,91,3,1.9,2.9,4.9,4.5,3.5,67.0,93.4
2074,91,4,3.5,6.0,3.2,1.7,3.6,82.7,50.2
2075,91,5,5.9,1.3,5.3,2.4,3.7,61.2,98.5
2076,91,6,3.5,1.0,1.4,6.3,3.0,94.5,70.3
2077,91,7,6.5,6.8,6.3,2.0,5.4,92.4,93.9
2078,91,8,4.2,4.0,2.4,3.4,3.5,75.2,70.0
2079,91,9,1.4,6.4,5.5,1.7,3.8,65.0,68.2
2080,91,10,1.5,5.3,3.8,3.2,3.5,98.7,65.6
2081,91,11,5.2,2.1,1.4,2.3,2.8,87.1,68.2
2082,91,12,6.9,1.9,5.5,2.2,4.1,76.7,78.9
2083,91,13,5.3,4.8,1.1,1.9,3.3,79.4,98.1
2084,91,14,3.6,3.8,6.7,1.8,4.0,75.7,94.5
2085,91,15,5.5,3.2,6.7,2.9,4.6,95.0,67.9
2086,91,16,6.6,2.3,6.8,1.5,4.3,93.3,91.4
2087,91,17,5.4,3.6,3.2,5.5,4.4,69.3,78.3
2088,91,18,3.6,3.9,6.1,1.1,3.7,90.9,59.7
2089,91,19,6.4,4.5,4.3,3.5,4.7,98.8,91.8
2090,91,20,5.9,5.8,5.6,6.9,6.0,65.1,58.1
2091,91,21,4.2,4.8,1.7,3.2,3.5,85.3,84.6
2092,91,22,2.2,1.1,6.9,2.6,3.2,77.6,77.4
2093,91,23,3.8,7.0,3.0,6.4,5.0,68.0,72.0
2094,92,1,3.2,6.5,3.7,3.9,4.3,82.8,60.6
2095,92,2,4.1,6.7,2.6,5.2,4.7,87.7,98.8
2096,92,3,4.4,6.3,1.9,4.8,4.3,100.0,86.4
2097,92,4,1.2,5.6,5.2,2.3,3.6,65.7,83.4
2098,92,5,6.0,2.8,4.6,2.9,4.1,94.4,83.1
2099,92,6,1.5,3.1,4.0,6.3,3.7,77.3,62.8
2100,92,7,6.7,3.7,2.4,1.7,3.6,78.0,70.7
2101,92,8,6.0,5.5,1.3,6.5,4.8,64.2,75.1
2102,92,9,3.2,1.7,4.8,4.2,3.5,78.0,80.5
2103,92,10,5.4,5.1,6.7,1.3,4.6,85.4,91.3
2104,92,11,1.3,3.7,1.5,5.3,3.0,88.1,84.8
2105,92,12,6.2,6.9,4.1,4.4,5.4,74.3,55.6
2106,92,13,6.3,2.6,6.9,4.3,5.0,78.9,97.8
2107,92,14,2.6,2.1,5.8,1.6,3.0,85.2,69.7
2108,92,15,4.3,3.0,4.3,1.7,3.3,64.6,91.7
2109,92,16,2.8,5.1,3.8,4.9,4.2,80.4,93.0
2110,92,17,2.8,2.0,1.6,6.8,3.3,72.7,71.7
2111,92,18,3.6,4.0,6.6,6.5,5.2,84.7,69.3
2112,92,19,2.1,1.7,4.8,6.2,3.7,63.8,80.5
2113,92,20,2.6,1.7,2.4,1.0,1.9,97.8,89.9
2114,92,21,1.7,5.3,6.1,2.1,3.8,94.0,98.5
2115,92,22,3.4,4.9,2.7,5.4,4.1,96.3,96.1
2116,92,23,2.8,2.5,1.7,6.1,3.3,76.9,58.9
2117,93,1,2.4,4.0,4.9,2.1,3.4,98.2,90.5
2118,93,2,1.1,6.9,5.0,6.8,5.0,65.2,86.2
2119,93,3,3.1,2.6,1.4,4.4,2.9,83.8,65.8
2120,93,4,5.5,6.0,2.1,1.5,3.8,70.0,81.3
2121,93,5,4.6,1.7,6.1,6.7,4.8,74.2,92.0
2122,93,6,4.7,5.5,1.8,2.8,3.7,73.0,67.0
2123,93,7,5.0,5.4,4.0,1.3,3.9,90.6,77.7
2124,93,8,5.8,1.7,6.7,6.8,5.2,61.7,99.7
2125,93,9,2.7,4.8,1.1,1.3,2.5,89.2,52.7
2126,93,10,2.0,6.3,3.4,6.2,4.5,82.8,68.9
2127,93,11,4.9,3.6,6.7,3.7,4.7,64.4,50.4
2128,93,12,4.3,6.0,1.2,2.3,3.4,73.7,74.4
2129,93,13,2.3,6.7,4.9,2.7,4.2,89.6,92.7
2130,93,14,5.3,5.6,1.4,1.6,3.5,66.2,66.1
2131,93,15,2.1,3.7,6.1,6.9,4.7,89.9,79.0
2132,93,16,1.4,6.3,3.5,6.0,4.3,64.9,81.1
2133,93,17,1.5,3.8,3.7,5.0,3.5,91.3,70.4
2134,93,18,4.8,4.0,3.2,4.5,4.1,81.4,97.6
2135,93,19,4.9,3.0,3.8,5.9,4.4,99.6,84.9
2136,93,20,4.2,6.5,3.6,6.1,5.1,98.6,73.9
2137,93,21,5.5,1.1,2.1,1.1,2.5,69.6,61.8
2138,93,22,1.7,2.3,1.9,5.6,2.9,61.5,69.6
2139,93,23,5.8,2.2,3.8,2.8,3.6,90.2,97.2
2140,94,1,1.8,5.4,5.5,1.0,3.4,65.9,54.5
2141,94,2,1.4,3.4,3.0,5.3,3.3,85.4,77.3
2142,94,3,5.2,2.1,4.6,1.2,3.3,82.6,75.3
2143,94,4,2.2,5.7,1.0,3.1,3.0,80.9,85.6
2144,94,5,2.8,5.5,6.4,2.7,4.3,92.3,57.3
2145,94,6,2.8,3.5,5.4,1.1,3.2,78.6,93.1
2146,94,7,3.7,5.0,1.6,4.9,3.8,82.8,53.4
2147,94,8,3.1,5.7,6.1,1.5,4.1,89.5,82.5
2148,94,9,2.8,4.1,4.0,3.1,3.5,82.4,51.3
2149,94,10,4.6,4.9,6.4,3.0,4.7,92.2,87.1
2150,94,11,3.2,5.7,4.9,5.2,4.8,66.4,54.4
2151,94,12,4.8,5.4,4.0,2.1,4.1,63.3,52.3
2152,94,13,4.8,6.3,5.1,6.2,5.6,96.4,55.4
2153,94,14,2.9,2.0,1.4,6.6,3.2,68.9,95.7
2154,94,15,2.9,4.6,3.2,1.8,3.1,60.6,58.1
2155,94,16,6.0,3.7,3.4,4.0,4.3,86.9,74.3
2156,94,17,5.2,6.4,3.5,2.6,4.4,83.9,64.2
2157,94,18,6.0,4.5,6.3,5.3,5.5,61.3,55.3
2158,94,19,1.7,5.1,4.0,5.0,3.9,65.9,79.5
2159,94,20,2.4,1.3,3.0,1.6,2.1,96.6,72.3
2160,94,21,4.4,2.7,2.1,4.4,3.4,61.4,77.0
2161,94,22,4.7,1.2,6.7,5.7,4.6,98.3,86.3
2162,94,23,4.8,3.3,1.5,3.6,3.3,70.8,71.6
2163,95,1,6.7,2.0,4.8,3.0,4.1,60.3,93.3
2164,95,2,6.6,2.8,1.4,5.9,4.2,75.1,93.8
2165,95,3,3.6,3.0,3.0,4.9,3.6,77.9,90.6
2166,95,4,5.0,4.0,1.1,1.1,2.8,71.4,82.9
2167,95,5,4.8,4.5,3.2,2.3,3.7,81.5,66.7
2168,95,6,3.9,4.9,3.1,4.8,4.2,77.2,84.9
2169,95,7,2.1,5.4,2.1,5.9,3.9,91.0,83.8
2170,95,8,2.1,4.2,4.8,1.8,3.2,84.2,97.6
2171,95,9,3.6,5.6,2.7,1.3,3.3,73.5,81.2
2172,95,10,6.4,5.6,1.3,6.4,4.9,84.3,60.8
2173,95,11,6.7,4.0,2.7,2.0,3.9,95.2,61.6
2174,95,12,5.4,6.2,5.0,1.1,4.4,87.5,96.6
2175,95,13,3.7,5.7,4.1,3.0,4.1,85.7,97.0
2176,95,14,6.1,1.5,2.0,4.4,3.5,62.1,80.2
2177,95,15,6.4,3.7,6.9,3.8,5.2,84.1,99.7
2178,95,16,1.2,1.2,6.4,2.4,2.8,61.5,89.0
2179,95,17,4.6,2.3,2.4,5.0,3.6,81.8,89.4
2180,95,18,4.9,5.4,6.7,2.2,4.8,68.6,92.1
2181,95,19,1.9,1.9,1.6,1.2,1.6,79.4,96.1
2182,95,20,2.8,3.2,3.0,5.8,3.7,99.7,96.7
2183,95,21,4.7,5.0,6.3,5.4,5.3,86.9,98.4
2184,95,22,5.5,4.3,2.9,4.1,4.2,87.9,77.1
2185,95,23,1.7,3.6,3.3,6.6,3.8,80.8,64.7
2186,96,1,1.3,5.9,3.9,4.3,3.9,61.4,80.2
2187,96,2,4.4,3.2,1.5,3.6,3.2,63.7,63.9
2188,96,3,1.7,1.3,6.0,1.1,2.5,60.6,89.8
2189,96,4,1.6,4.7,4.0,2.9,3.3,89.0,58.3
2190,96,5,3.9,6.4,5.3,6.6,5.5,80.0,92.3
2191,96,6,1.7,5.7,4.8,2.9,3.8,87.4,61.4
2192,96,7,3.7,6.9,3.4,1.0,3.8,63.7,61.0
2193,96,8,6.1,4.6,4.1,2.9,4.4,75.6,69.4
2194,96,9,1.6,6.3,1.6,2.0,2.9,97.2,77.2
2195,96,10,5.0,2.2,3.9,5.0,4.0,91.6,50.2
2196,96,11,4.7,6.3,1.2,4.5,4.2,75.6,76.9
2197,96,12,6.5,3.2,4.5,5.7,5.0,97.1,82.7
2198,96,13,4.8,1.4,2.3,2.0,2.6,94.9,93.2
2199,96,14,2.8,5.9,3.3,4.9,4.2,100.0,84.7
2200,96,15,1.5,1.0,1.5,4.5,2.1,62.5,74.1
2201,96,16,1.6,6.7,5.5,2.9,4.2,70.2,94.7
2202,96,17,3.9,3.2,3.3,1.9,3.1,85.0,84.9
2203,96,18,1.8,3.1,3.2,5.5,3.4,68.2,57.6
2204,96,19,6.7,4.5,2.6,1.3,3.8,60.8,75.7
2205,96,20,2.1,5.6,5.7,6.3,4.9,75.7,97.0
2206,96,21,2.4,6.8,2.5,1.6,3.3,65.7,93.4
2207,96,22,1.3,4.0,5.6,2.1,3.2,76.0,80.2
2208,96,23,3.1,1.4,5.8,6.6,4.2,82.5,90.4
2209,97,1,3.1,1.6,5.3,1.5,2.9,69.6,65.8
2210,97,2,5.8,1.6,6.7,5.1,4.8,99.9,82.6
2211,97,3,1.6,6.7,4.9,3.8,4.2,83.7,63.3
2212,97,4,2.9,2.8,2.3,1.9,2.5,73.0,83.3
2213,97,5,3.7,1.5,1.1,4.8,2.8,98.4,55.0
2214,97,6,3.8,1.8,6.2,1.3,3.3,94.9,75.2
2215,97,7,2.1,5.4,3.3,1.7,3.1,81.4,51.1
2216,97,8,2.3,2.7,3.6,4.9,3.4,62.2,54.1
2217,97,9,4.0,4.2,2.5,5.2,4.0,67.4,55.8
2218,97,10,1.5,1.7,5.3,1.5,2.5,81.6,51.6
2219,97,11,4.9,2.1,6.1,5.9,4.8,86.4,88.6
2220,97,12,2.7,2.7,2.4,1.0,2.2,84.0,71.8
2221,97,13,2.4,5.6,5.4,4.5,4.5,91.6,86.2
2222,97,14,5.0,2.5,2.9,3.6,3.5,89.2,56.4
2223,97,15,5.9,3.7,5.5,3.9,4.8,62.8,71.5
2224,97,16,3.8,3.7,5.6,6.3,4.8,77.6,51.8
2225,97,17,4.1,4.7,5.4,2.7,4.2,89.1,57.6
2226,97,18,2.0,3.7,3.3,6.5,3.9,80.0,70.3
2227,97,19,5.0,2.5,4.3,4.6,4.1,78.9,75.6
2228,97,20,1.5,1.7,5.3,6.4,3.7,91.0,96.8
2229,97,21,4.8,5.0,1.6,4.8,4.0,82.9,75.4
2230,97,22,4.1,5.4,1.8,4.9,4.0,78.6,94.1
2231,97,23,1.9,3.4,5.8,1.6,3.2,91.1,84.1
2232,98,1,2.1,2.3,1.6,2.7,2.2,71.7,62.4
2233,98,2,4.7,6.2,1.1,1.5,3.4,68.7,81.0
2234,98,3,1.4,2.7,5.6,1.5,2.8,98.2,88.4
2235,98,4,4.1,2.6,6.8,2.6,4.0,86.0,88.2
2236,98,5,1.0,5.2,1.1,4.4,2.9,86.9,70.1
2237,98,6,6.6,5.1,2.5,5.6,4.9,90.6,61.1
2238,98,7,2.4,6.7,6.7,4.2,5.0,81.8,57.6
2239,98,8,1.5,3.4,6.3,6.8,4.5,92.6,78.3
2240,98,9,3.0,4.0,5.8,2.3,3.8,78.4,97.3
2241,98,10,2.5,1.6,3.2,6.8,3.5,88.1,69.0
2242,98,11,3.9,1.0,1.4,2.8,2.3,68.0,71.2
2243,98,12,6.0,5.8,1.7,5.7,4.8,86.5,65.1
2244,98,13,4.5,3.0,6.1,4.6,4.5,65.7,50.7
2245,98,14,4.5,1.2,4.4,5.2,3.8,64.7,67.2
2246,98,15,6.6,4.4,5.7,5.3,5.5,78.4,97.4
2247,98,16,3.7,2.1,4.6,2.5,3.2,79.8,53.5
2248,98,17,3.4,1.4,4.5,2.6,3.0,79.8,75.8
2249,98,18,1.3,4.7,2.4,3.1,2.9,94.4,98.9
2250,98,19,5.4,4.6,2.0,4.3,4.1,76.9,98.7
2251,98,20,5.9,6.1,1.9,1.2,3.8,72.9,83.7
2252,98,21,3.2,3.9,4.8,3.6,3.9,75.2,69.3
2253,98,22,5.6,3.5,2.4,3.2,3.7,94.3,81.0
2254,98,23,5.6,4.7,2.4,6.3,4.8,82.3,67.5
2255,99,1,4.5,3.9,4.2,4.8,4.3,80.4,59.5
2256,99,2,2.1,5.8,6.1,6.7,5.2,84.6,73.0
2257,99,3,3.7,5.1,3.4,6.8,4.8,93.5,75.2
2258,99,4,1.1,1.9,2.5,3.6,2.3,73.3,85.1
2259,99,5,5.2,5.4,4.7,1.7,4.2,75.0,77.2
2260,99,6,5.2,3.3,5.4,4.4,4.6,65.5,67.3
2261,99,7,5.1,1.5,2.0,4.1,3.2,96.4,73.6
2262,99,8,3.9,2.4,3.8,4.8,3.7,65.6,76.7
2263,99,9,1.3,6.3,6.3,6.4,5.1,74.9,78.0
2264,99,10,4.8,4.1,3.4,3.1,3.8,76.3,61.4
2265,99,11,5.2,6.3,3.4,3.7,4.7,90.5,95.7
2266,99,12,2.4,6.4,3.4,6.4,4.7,91.6,66.2
2267,99,13,4.2,5.9,5.7,6.2,5.5,74.4,73.2
2268,99,14,2.7,6.7,3.6,1.4,3.6,91.2,70.0
2269,99,15,4.8,7.0,3.2,1.3,4.1,76.6,94.9
2270,99,16,6.7,5.9,2.4,2.6,4.4,87.6,85.9
2271,99,17,5.6,2.5,2.1,5.4,3.9,68.9,81.4
2272,99,18,2.4,6.7,4.6,3.5,4.3,97.1,84.9
2273,99,19,2.7,2.4,4.0,6.0,3.8,60.9,61.4
2274,99,20,6.9,4.8,4.4,1.4,4.4,73.9,59.8
2275,99,21,3.7,3.9,3.3,2.6,3.4,72.6,65.3
2276,99,22,2.3,5.0,2.1,6.3,3.9,95.5,74.8
2277,99,23,2.8,2.5,4.9,6.0,4.0,87.1,90.1
2278,100,1,1.8,5.7,1.6,1.3,2.6,86.3,95.2
2279,100,2,4.5,2.5,1.6,1.1,2.4,72.8,66.3
2280,100,3,3.3,2.8,3.4,4.5,3.5,70.6,87.7
2281,100,4,2.4,6.8,2.8,5.8,4.5,72.0,95.0
2282,100,5,4.3,3.1,2.8,1.8,3.0,84.6,77.4
2283,100,6,5.8,2.6,3.2,3.9,3.9,86.2,70.8
2284,100,7,7.0,3.9,2.9,6.7,5.1,93.6,78.9
2285,100,8,2.8,1.2,1.7,1.2,1.7,84.3,73.7
2286,100,9,4.0,2.2,4.7,4.0,3.7,81.0,67.0
2287,100,10,4.1,4.5,6.1,3.8,4.6,61.0,66.9
2288,100,11,5.1,6.1,6.0,6.3,5.9,93.0,55.2
2289,100,12,5.2,6.0,2.6,1.0,3.7,84.8,63.0
2290,100,13,1.4,5.0,6.9,5.3,4.7,91.3,74.7
2291,100,14,6.3,6.1,5.3,2.4,5.0,65.4,71.6
2292,100,15,6.1,5.6,5.6,3.0,5.1,88.1,81.6
2293,100,16,4.4,2.2,6.8,5.3,4.7,86.6,84.6
2294,100,17,3.8,5.8,3.5,6.5,4.9,65.8,92.3
2295,100,18,1.5,4.2,1.9,5.8,3.4,87.5,90.9
2296,100,19,3.8,5.8,4.7,6.8,5.3,73.7,90.2
2297,100,20,4.4,4.9,5.0,6.6,5.2,69.3,67.1
2298,100,21,3.3,2.7,3.6,4.9,3.6,96.2,77.4
2299,100,22,4.7,3.1,2.1,3.5,3.4,72.8,74.5
2300,100,23,5.9,1.2,3.2,2.3,3.1,74.7,82.1
2301,101,1,5.5,5.0,5.1,4.2,5.0,79.3,70.9
2302,101,2,6.3,3.6,4.9,6.4,5.3,88.0,91.8
2303,101,3,1.2,6.8,2.0,1.6,2.9,74.6,61.6
2304,101,4,1.1,1.3,3.6,1.2,1.8,80.6,60.3
2305,101,5,1.7,3.2,7.0,3.7,3.9,96.8,66.3
2306,101,6,4.4,4.1,3.0,6.4,4.5,90.9,55.6
2307,101,7,4.7,4.0,5.1,2.9,4.2,98.6,99.8
2308,101,8,1.1,5.1,4.7,5.4,4.1,70.6,97.6
2309,101,9,5.1,5.7,4.2,3.2,4.5,65.0,97.6
2310,101,10,3.5,4.9,4.5,3.4,4.1,91.3,76.4
2311,101,11,5.9,4.3,1.9,1.1,3.3,74.8,92.5
2312,101,12,5.7,5.0,5.9,1.7,4.6,79.8,76.9
2313,101,13,4.5,1.3,1.5,1.8,2.3,96.1,85.6
2314,101,14,3.1,2.6,2.7,4.4,3.2,85.9,69.5
2315,101,15,3.0,6.5,3.5,5.5,4.6,72.2,53.4
2316,101,16,5.7,4.1,6.8,4.2,5.2,67.5,89.4
2317,101,17,2.8,1.4,3.3,5.3,3.2,91.1,68.7
2318,101,18,4.4,1.4,6.6,1.6,3.5,92.5,54.9
2319,101,19,4.0,4.4,2.5,3.4,3.6,63.6,91.6
2320,101,20,2.6,2.0,3.0,2.0,2.4,72.4,73.7
2321,101,21,2.8,2.7,5.2,3.2,3.5,75.8,55.8
2322,101,22,2.4,6.0,6.5,6.2,5.3,99.3,68.6
2323,101,23,4.9,4.6,6.8,2.2,4.6,86.4,99.6
2324,102,1,6.8,6.3,2.3,6.8,5.5,98.7,83.4
2325,102,2,3.2,2.8,4.7,3.7,3.6,82.0,58.4
2326,102,3,3.0,6.8,6.0,2.1,4.5,66.6,96.4
2327,102,4,1.7,1.3,4.8,2.4,2.5,78.6,71.7
2328,102,5,3.2,5.0,5.4,2.5,4.0,81.2,80.3
2329,102,6,3.9,3.0,4.7,4.2,4.0,60.2,96.3
2330,102,7,1.5,1.8,3.5,6.3,3.3,85.6,84.7
2331,102,8,4.5,4.7,4.5,1.0,3.7,98.6,64.6
2332,102,9,2.5,3.0,1.4,4.4,2.8,92.5,92.5
2333,102,10,3.5,6.5,1.1,6.2,4.3,81.4,99.4
2334,102,11,5.9,6.5,3.8,4.6,5.2,94.6,70.5
2335,102,12,3.3,5.2,2.3,2.5,3.3,81.7,75.4
2336,102,13,5.4,4.6,5.8,5.5,5.3,87.1,74.6
2337,102,14,4.5,4.7,5.4,6.6,5.3,81.2,96.0
2338,102,15,6.3,4.5,2.9,2.9,4.2,80.1,96.2
2339,102,16,1.4,3.8,3.7,5.8,3.7,99.4,63.2
2340,102,17,2.6,4.9,5.8,4.7,4.5,63.5,80.5
2341,102,18,5.6,6.9,3.1,2.1,4.4,94.6,53.7
2342,102,19,1.3,6.2,6.3,1.9,3.9,95.6,98.7
2343,102,20,6.7,6.4,5.6,3.6,5.6,75.4,57.8
2344,102,21,1.1,1.6,4.9,3.9,2.9,79.4,94.4
2345,102,22,4.2,1.1,4.8,3.8,3.5,65.6,95.7
2346,102,23,3.4,2.3,6.6,2.3,3.6,95.6,88.1
2347,103,1,1.3,2.3,5.7,1.3,2.6,94.6,66.3
2348,103,2,2.7,6.2,2.9,6.0,4.5,69.0,70.1
2349,103,3,1.3,6.9,5.9,2.6,4.2,69.1,80.2
2350,103,4,4.3,6.5,4.6,5.8,5.3,89.7,73.7
2351,103,5,1.5,4.1,4.2,2.2,3.0,90.3,88.9
2352,103,6,1.5,4.4,1.1,3.7,2.7,69.3,84.6
2353,103,7,3.1,5.7,3.0,5.1,4.2,90.8,94.4
2354,103,8,1.5,3.6,6.4,5.6,4.3,85.8,95.1
2355,103,9,3.0,2.9,1.1,2.4,2.4,80.8,95.8
2356,103,10,3.5,3.5,5.0,6.5,4.6,64.9,81.7
2357,103,11,4.7,5.8,5.3,5.2,5.2,74.5,91.2
2358,103,12,5.1,4.3,2.0,2.6,3.5,89.8,57.4
2359,103,13,1.4,5.7,4.1,5.8,4.2,75.9,71.1
2360,103,14,2.6,4.2,1.3,6.3,3.6,77.0,83.9
2361,103,15,2.1,4.5,5.3,2.8,3.7,78.3,79.3
2362,103,16,4.9,6.2,5.4,4.7,5.3,76.7,86.3
2363,103,17,6.1,6.3,2.3,3.8,4.6,65.5,54.9
2364,103,18,4.2,4.7,3.0,2.7,3.7,89.1,74.4
2365,103,19,4.8,4.9,6.6,2.2,4.6,75.7,98.2
2366,103,20,2.3,4.4,7.0,6.2,5.0,60.9,97.1
2367,103,21,4.3,5.3,5.1,2.7,4.3,99.2,52.2
2368,103,22,5.4,2.8,4.7,6.0,4.7,85.8,80.8
2369,103,23,4.0,6.1,2.9,1.7,3.7,75.9,82.6
